"","geoid","USPS","pop2010"
"1","48301","TX",82
"2","15005","HI",90
"3","48269","TX",286
"4","48261","TX",416
"5","31005","NE",460
"6","31009","NE",478
"7","30069","MT",494
"8","31117","NE",539
"9","31075","NE",614
"10","31115","NE",632
"11","48033","TX",641
"12","31171","NE",647
"13","02282","AK",662
"14","31007","NE",690
"15","35021","NM",695
"16","08111","CO",699
"17","48311","TX",707
"18","08079","CO",712
"19","30103","MT",718
"20","38087","ND",727
"21","31091","NE",736
"22","31113","NE",763
"23","32009","NV",783
"24","38007","ND",783
"25","48263","TX",808
"26","31183","NE",818
"27","31103","NE",824
"28","08053","CO",843
"29","30037","MT",884
"30","48393","TX",929
"31","31085","NE",967
"32","02230","AK",968
"33","16033","ID",982
"34","48443","TX",984
"35","02060","AK",997
"36","46075","SD",1006
"37","30109","MT",1017
"38","49009","UT",1059
"39","16025","ID",1117
"40","48431","TX",1143
"41","30011","MT",1160
"42","06003","CA",1175
"43","30079","MT",1179
"44","30033","MT",1206
"45","48345","TX",1210
"46","48173","TX",1226
"47","20071","KS",1247
"48","46063","SD",1255
"49","31165","NE",1311
"50","38083","ND",1321
"51","48155","TX",1336
"52","46119","SD",1373
"53","08057","CO",1394
"54","08061","CO",1398
"55","28055","MS",1406
"56","46069","SD",1420
"57","41069","OR",1441
"58","46021","SD",1466
"59","20199","KS",1485
"60","48433","TX",1490
"61","48101","TX",1505
"62","31149","NE",1526
"63","49031","UT",1556
"64","48235","TX",1599
"65","02164","AK",1631
"66","48045","TX",1637
"67","48447","TX",1641
"68","38033","ND",1680
"69","13265","GA",1717
"70","30055","MT",1734
"71","30075","MT",1743
"72","20101","KS",1750
"73","30019","MT",1751
"74","41055","OR",1765
"75","72049","PR",1818
"76","02068","AK",1826
"77","08017","CO",1836
"78","38065","ND",1846
"79","41021","OR",1871
"80","20033","KS",1891
"81","30059","MT",1891
"82","48011","TX",1901
"83","46017","SD",1912
"84","20083","KS",1916
"85","46055","SD",1937
"86","31049","NE",1941
"87","38013","ND",1968
"88","38091","ND",1975
"89","32011","NV",1987
"90","38047","ND",1990
"91","48137","TX",2002
"92","31057","NE",2008
"93","35011","NM",2022
"94","31073","NE",2044
"95","46095","SD",2048
"96","31071","NE",2049
"97","48359","TX",2052
"98","31069","NE",2057
"99","08033","CO",2064
"100","38023","ND",2071
"101","46073","SD",2071
"102","30045","MT",2072
"103","31015","NE",2099
"104","02105","AK",2150
"105","26083","MI",2156
"106","30107","MT",2168
"107","29227","MO",2171
"108","20025","KS",2215
"109","20203","KS",2234
"110","20187","KS",2235
"111","48327","TX",2242
"112","38095","ND",2246
"113","49033","UT",2264
"114","53023","WA",2266
"115","21201","KY",2282
"116","51091","VA",2321
"117","46107","SD",2329
"118","30051","MT",2339
"119","48243","TX",2342
"120","38001","ND",2343
"121","46111","SD",2355
"122","46049","SD",2364
"123","02275","AK",2369
"124","08115","CO",2379
"125","38027","ND",2385
"126","46097","SD",2389
"127","38037","ND",2394
"128","48109","TX",2398
"129","38039","ND",2420
"130","38043","ND",2435
"131","48125","TX",2444
"132","46089","SD",2459
"133","38075","ND",2470
"134","40025","OK",2475
"135","38041","ND",2477
"136","56027","WY",2484
"137","02100","AK",2508
"138","13239","GA",2513
"139","20153","KS",2519
"140","31077","NE",2538
"141","20097","KS",2553
"142","20179","KS",2556
"143","20065","KS",2597
"144","20075","KS",2690
"145","20063","KS",2695
"146","46003","SD",2710
"147","20023","KS",2726
"148","20109","KS",2756
"149","31063","NE",2756
"150","31133","NE",2773
"151","49055","UT",2778
"152","20017","KS",2790
"153","13307","GA",2799
"154","46137","SD",2801
"155","38051","ND",2809
"156","20049","KS",2882
"157","30025","MT",2890
"158","16023","ID",2891
"159","31087","NE",2908
"160","40057","OK",2922
"161","20039","KS",2961
"162","46117","SD",2966
"163","31135","NE",2970
"164","46105","SD",2982
"165","20195","KS",3001
"166","46043","SD",3002
"167","46071","SD",3031
"168","48421","TX",3034
"169","20047","KS",3037
"170","48087","TX",3057
"171","20089","KS",3077
"172","30039","MT",3079
"173","13125","GA",3082
"174","20135","KS",3107
"175","38063","ND",3126
"176","48079","TX",3127
"177","02013","AK",3141
"178","31017","NE",3145
"179","38011","ND",3151
"180","31163","NE",3152
"181","13061","GA",3183
"182","31061","NE",3225
"183","20129","KS",3233
"184","06091","CA",3240
"185","20105","KS",3241
"186","48295","TX",3302
"187","20165","KS",3307
"188","20207","KS",3309
"189","48385","TX",3309
"190","48081","TX",3320
"191","46061","SD",3331
"192","38031","ND",3343
"193","48191","TX",3353
"194","48461","TX",3355
"195","48383","TX",3367
"196","48417","TX",3378
"197","30091","MT",3384
"198","31083","NE",3423
"199","46007","SD",3431
"200","46059","SD",3431
"201","13007","GA",3451
"202","48413","TX",3461
"203","48229","TX",3476
"204","08023","CO",3524
"205","38025","ND",3536
"206","38029","ND",3550
"207","27155","MN",3558
"208","48271","TX",3598
"209","40129","OK",3647
"210","30097","MT",3651
"211","20019","KS",3669
"212","48129","TX",3677
"213","40059","OK",3685
"214","46025","SD",3691
"215","48105","TX",3719
"216","48275","TX",3719
"217","35003","NM",3725
"218","48023","TX",3726
"219","31125","NE",3735
"220","46085","SD",3755
"221","29129","MO",3785
"222","08009","CO",3788
"223","48211","TX",3807
"224","31181","NE",3812
"225","02195","AK",3815
"226","16061","ID",3821
"227","31105","NE",3821
"228","38081","ND",3829
"229","20183","KS",3853
"230","20141","KS",3858
"231","51720","VA",3958
"232","31029","NE",3966
"233","48151","TX",3974
"234","16003","ID",3976
"235","20093","KS",3977
"236","53069","WA",3978
"237","38019","ND",3993
"238","32029","NV",4010
"239","48319","TX",4012
"240","19003","IA",4029
"241","13101","GA",4034
"242","27077","MN",4045
"243","46031","SD",4050
"244","46045","SD",4071
"245","53013","WA",4078
"246","48095","TX",4087
"247","27125","MN",4089
"248","48435","TX",4128
"249","29103","MO",4131
"250","38045","ND",4139
"251","48197","TX",4139
"252","40045","OK",4151
"253","38085","ND",4153
"254","38103","ND",4207
"255","30061","MT",4223
"256","55078","WI",4232
"257","30071","MT",4253
"258","08027","CO",4255
"259","20081","KS",4256
"260","31175","NE",4260
"261","46053","SD",4271
"262","16071","ID",4286
"263","17069","IL",4320
"264","38069","ND",4357
"265","46039","SD",4364
"266","16037","ID",4368
"267","48103","TX",4375
"268","37177","NC",4407
"269","55037","WI",4423
"270","29197","MO",4431
"271","08091","CO",4436
"272","20185","KS",4437
"273","08095","CO",4442
"274","17151","IL",4470
"275","31129","NE",4500
"276","40053","OK",4527
"277","30065","MT",4538
"278","35059","NM",4549
"279","27069","MN",4552
"280","20119","KS",4575
"281","48267","TX",4607
"282","46091","SD",4656
"283","35019","NM",4687
"284","51017","VA",4731
"285","21189","KY",4755
"286","32021","NV",4772
"287","48317","TX",4799
"288","40043","OK",4810
"289","56017","WY",4812
"290","08121","CO",4814
"291","36041","NY",4836
"292","29199","MO",4843
"293","02070","AK",4847
"294","20007","KS",4861
"295","35033","NM",4881
"296","35023","NM",4894
"297","21105","KY",4902
"298","29087","MO",4912
"299","28125","MS",4916
"300","20171","KS",4936
"301","48333","TX",4936
"302","31065","NE",4959
"303","29171","MO",4979
"304","20157","KS",4980
"305","13249","GA",5010
"306","31123","NE",5042
"307","47137","TN",5077
"308","42023","PA",5085
"309","17013","IL",5089
"310","21039","KY",5104
"311","19159","IA",5131
"312","46077","SD",5148
"313","49017","UT",5172
"314","27031","MN",5176
"315","20163","KS",5181
"316","51045","VA",5190
"317","16063","ID",5208
"318","31097","NE",5217
"319","31169","NE",5228
"320","48119","TX",5231
"321","22107","LA",5252
"322","46015","SD",5255
"323","27011","MN",5269
"324","38021","ND",5289
"325","48247","TX",5300
"326","46041","SD",5301
"327","30101","MT",5324
"328","32017","NV",5345
"329","17171","IL",5355
"330","05013","AR",5368
"331","38049","ND",5395
"332","31143","NE",5406
"333","48483","TX",5410
"334","27087","MN",5413
"335","46129","SD",5438
"336","08047","CO",5441
"337","38073","ND",5457
"338","08073","CO",5467
"339","31161","NE",5469
"340","31011","NE",5505
"341","47175","TN",5548
"342","02198","AK",5559
"343","02016","AK",5561
"344","02290","AK",5588
"345","17059","IL",5589
"346","30007","MT",5612
"347","48195","TX",5613
"348","46087","SD",5618
"349","40007","OK",5636
"350","20147","KS",5642
"351","40003","OK",5642
"352","46123","SD",5644
"353","20137","KS",5671
"354","29005","MO",5685
"355","46037","SD",5710
"356","31031","NE",5713
"357","54105","WV",5717
"358","20189","KS",5724
"359","32015","NV",5775
"360","20201","KS",5799
"361","37095","NC",5810
"362","30015","MT",5813
"363","08025","CO",5823
"364","13301","GA",5834
"365","31059","NE",5890
"366","27081","MN",5896
"367","48207","TX",5899
"368","46057","SD",5903
"369","48305","TX",5915
"370","55051","WI",5916
"371","20127","KS",5923
"372","40029","OK",5925
"373","51595","VA",5927
"374","51580","VA",5961
"375","16007","ID",5986
"376","17175","IL",5994
"377","31051","NE",6000
"378","17155","IL",6006
"379","20069","KS",6006
"380","20181","KS",6010
"381","27051","MN",6018
"382","20077","KS",6034
"383","13259","GA",6058
"384","48107","TX",6059
"385","48205","TX",6062
"386","30099","MT",6073
"387","20143","KS",6091
"388","08109","CO",6108
"389","19009","IA",6119
"390","13201","GA",6125
"391","18115","IN",6128
"392","31167","NE",6129
"393","48411","TX",6131
"394","30073","MT",6153
"395","17153","IL",6161
"396","48065","TX",6182
"397","40033","OK",6193
"398","51515","VA",6222
"399","40055","OK",6239
"400","29035","MO",6265
"401","31093","NE",6274
"402","72093","PR",6276
"403","21165","KY",6306
"404","50009","VT",6306
"405","19173","IA",6317
"406","38053","ND",6360
"407","47127","TN",6362
"408","20123","KS",6373
"409","29205","MO",6373
"410","19185","IA",6403
"411","46115","SD",6415
"412","42113","PA",6428
"413","38009","ND",6429
"414","48153","TX",6446
"415","48169","TX",6461
"416","19143","IA",6462
"417","40067","OK",6472
"418","46101","SD",6486
"419","31099","NE",6489
"420","30005","MT",6491
"421","20053","KS",6497
"422","08011","CO",6499
"423","31035","NE",6542
"424","27167","MN",6576
"425","49001","UT",6629
"426","26095","MI",6631
"427","51530","VA",6650
"428","38005","ND",6660
"429","08103","CO",6666
"430","31003","NE",6685
"431","20073","KS",6689
"432","13037","GA",6694
"433","29179","MO",6696
"434","48111","TX",6703
"435","08055","CO",6711
"436","29211","MO",6714
"437","17047","IL",6721
"438","29075","MO",6738
"439","32027","NV",6753
"440","26131","MI",6780
"441","13065","GA",6798
"442","21075","KY",6813
"443","47067","TN",6819
"444","51021","VA",6824
"445","22023","LA",6839
"446","27107","MN",6852
"447","21057","KY",6856
"448","31021","NE",6858
"449","13263","GA",6865
"450","13283","GA",6885
"451","48283","TX",6886
"452","17009","IL",6937
"453","31173","NE",6940
"454","51097","VA",6945
"455","16029","ID",6963
"456","20167","KS",6970
"457","50013","VT",6970
"458","20145","KS",6973
"459","41063","OR",7008
"460","30077","MT",7027
"461","16015","ID",7028
"462","02240","AK",7029
"463","48075","TX",7041
"464","51640","VA",7042
"465","51678","VA",7042
"466","20197","KS",7053
"467","51181","VA",7058
"468","46009","SD",7070
"469","56011","WY",7083
"470","19093","IA",7089
"471","46047","SD",7094
"472","48495","TX",7110
"473","49025","UT",7125
"474","21181","KY",7135
"475","29045","MO",7139
"476","54093","WV",7141
"477","48017","TX",7165
"478","56045","WY",7208
"479","48175","TX",7210
"480","48047","TX",7223
"481","31127","NE",7248
"482","51036","VA",7256
"483","27073","MN",7259
"484","05147","AR",7260
"485","31139","NE",7266
"486","08065","CO",7310
"487","19151","IA",7310
"488","17071","IL",7331
"489","46067","SD",7343
"490","21237","KY",7355
"491","46051","SD",7356
"492","08113","CO",7359
"493","30105","MT",7369
"494","51157","VA",7373
"495","48391","TX",7383
"496","38067","ND",7413
"497","13309","GA",7421
"498","41025","OR",7422
"499","19071","IA",7441
"500","41023","OR",7445
"501","02270","AK",7459
"502","55091","WI",7469
"503","18161","IN",7516
"504","02188","AK",7523
"505","40093","OK",7527
"506","17169","IL",7544
"507","31095","NE",7547
"508","53019","WA",7551
"509","19177","IA",7570
"510","19195","IA",7598
"511","54073","WV",7605
"512","54013","WV",7627
"513","05073","AR",7645
"514","38061","ND",7673
"515","19001","IA",7682
"516","30057","MT",7691
"517","54071","WV",7695
"518","42053","PA",7716
"519","13243","GA",7719
"520","28063","MS",7726
"521","22035","LA",7759
"522","16077","ID",7817
"523","48377","TX",7818
"524","20067","KS",7829
"525","29041","MO",7831
"526","47095","TN",7832
"527","31121","NE",7845
"528","21063","KY",7852
"529","48437","TX",7854
"530","20095","KS",7858
"531","47027","TN",7861
"532","47169","TN",7870
"533","48501","TX",7879
"534","29057","MO",7883
"535","21129","KY",7887
"536","41037","OR",7895
"537","20193","KS",7900
"538","47135","TN",7915
"539","16059","ID",7936
"540","20043","KS",7945
"541","19135","IA",7970
"542","40141","OK",7992
"543","13181","GA",7996
"544","48069","TX",8062
"545","20003","KS",8102
"546","05039","AR",8116
"547","28037","MS",8118
"548","38097","ND",8121
"549","05095","AR",8149
"550","05129","AR",8195
"551","54017","WV",8202
"552","46033","SD",8216
"553","28119","MS",8223
"554","17003","IL",8238
"555","21007","KY",8249
"556","08021","CO",8256
"557","08063","CO",8270
"558","48307","TX",8283
"559","21143","KY",8314
"560","05101","AR",8330
"561","13165","GA",8340
"562","46125","SD",8347
"563","31147","NE",8363
"564","12077","FL",8365
"565","31101","NE",8368
"566","13003","GA",8375
"567","31023","NE",8395
"568","38057","ND",8424
"569","47083","TN",8426
"570","29061","MO",8433
"571","04011","AZ",8437
"572","29203","MO",8441
"573","17065","IL",8457
"574","19053","IA",8457
"575","26153","MI",8485
"576","21023","KY",8488
"577","48425","TX",8490
"578","18171","IN",8508
"579","48193","TX",8517
"580","56043","WY",8533
"581","20027","KS",8535
"582","28019","MS",8547
"583","21091","KY",8565
"584","56019","WY",8569
"585","51620","VA",8582
"586","21077","KY",8589
"587","20031","KS",8601
"588","26135","MI",8640
"589","56031","WY",8667
"590","05025","AR",8689
"591","54021","WV",8693
"592","27029","MN",8695
"593","31107","NE",8701
"594","05117","AR",8715
"595","54075","WV",8719
"596","27101","MN",8725
"597","13253","GA",8729
"598","28009","MS",8729
"599","13197","GA",8742
"600","19051","IA",8753
"601","16035","ID",8761
"602","21223","KY",8809
"603","29137","MO",8840
"604","31027","NE",8852
"605","18007","IN",8854
"606","26013","MI",8860
"607","37075","NC",8861
"608","48405","TX",8865
"609","12067","FL",8870
"610","40151","OK",8878
"611","02220","AK",8881
"612","48083","TX",8895
"613","19117","IA",8898
"614","13269","GA",8906
"615","13287","GA",8930
"616","29081","MO",8957
"617","38055","ND",8962
"618","30021","MT",8966
"619","51115","VA",8978
"620","05099","AR",8997
"621","13289","GA",9023
"622","35037","NM",9041
"623","48237","TX",9044
"624","01063","AL",9045
"625","48009","TX",9054
"626","08019","CO",9088
"627","22081","LA",9091
"628","30095","MT",9117
"629","13209","GA",9123
"630","31081","NE",9124
"631","46023","SD",9129
"632","31039","NE",9139
"633","54101","WV",9154
"634","29125","MO",9176
"635","31045","NE",9182
"636","31137","NE",9188
"637","54095","WV",9208
"638","49019","UT",9225
"639","48043","TX",9232
"640","30087","MT",9233
"641","19133","IA",9243
"642","30001","MT",9246
"643","51159","VA",9254
"644","13315","GA",9255
"645","16009","ID",9285
"646","19039","IA",9286
"647","29033","MO",9295
"648","30023","MT",9298
"649","72147","PR",9301
"650","55041","WI",9304
"651","13273","GA",9315
"652","21055","KY",9315
"653","19073","IA",9336
"654","28053","MS",9375
"655","54015","WV",9386
"656","48335","TX",9403
"657","20205","KS",9409
"658","19147","IA",9421
"659","40085","OK",9423
"660","29025","MO",9424
"661","13141","GA",9429
"662","02185","AK",9430
"663","27089","MN",9439
"664","40075","OK",9446
"665","49029","UT",9469
"666","05097","AR",9487
"667","02180","AK",9492
"668","21139","KY",9519
"669","21149","KY",9531
"670","20029","KS",9533
"671","13155","GA",9538
"672","13319","GA",9563
"673","19089","IA",9566
"674","31179","NE",9595
"675","27117","MN",9596
"676","26003","MI",9601
"677","28021","MS",9604
"678","46121","SD",9612
"679","29085","MO",9627
"680","48429","TX",9630
"681","02261","AK",9636
"682","20107","KS",9656
"683","20151","KS",9656
"684","19025","IA",9670
"685","06049","CA",9686
"686","27133","MN",9687
"687","17079","IL",9698
"688","29153","MO",9723
"689","27149","MN",9726
"690","30083","MT",9746
"691","26119","MI",9765
"692","27151","MN",9783
"693","29185","MO",9805
"694","19091","IA",9815
"695","16085","ID",9862
"696","28157","MS",9878
"697","72083","PR",9881
"698","13167","GA",9980
"699","37029","NC",9980
"700","20013","KS",9984
"701","48127","TX",9996
"702","31033","NE",9998
"703","32033","NV",10030
"704","08125","CO",10043
"705","51049","VA",10052
"706","13173","GA",10078
"707","30009","MT",10078
"708","20159","KS",10083
"709","21169","KY",10099
"710","46019","SD",10110
"711","20117","KS",10117
"712","22021","LA",10132
"713","29089","MO",10144
"714","46109","SD",10149
"715","37103","NC",10153
"716","29173","MO",10167
"717","16081","ID",10170
"718","25019","MA",10172
"719","20131","KS",10178
"720","16087","ID",10198
"721","29111","MO",10211
"722","48357","TX",10223
"723","45065","SC",10233
"724","49023","UT",10246
"725","56035","WY",10247
"726","28155","MS",10253
"727","29079","MO",10261
"728","27063","MN",10266
"729","48369","TX",10269
"730","21053","KY",10272
"731","19063","IA",10302
"732","18101","IN",10334
"733","19161","IA",10350
"734","22025","LA",10407
"735","45005","SC",10419
"736","05077","AR",10424
"737","30085","MT",10425
"738","31089","NE",10435
"739","27173","MN",10438
"740","05105","AR",10445
"741","54085","WV",10449
"742","28069","MS",10456
"743","13281","GA",10471
"744","48031","TX",10497
"745","48399","TX",10501
"746","19107","IA",10511
"747","31037","NE",10515
"748","40105","OK",10536
"749","48315","TX",10546
"750","53043","WA",10570
"751","37043","NC",10587
"752","01105","AL",10591
"753","13317","GA",10593
"754","28015","MS",10597
"755","48159","TX",10605
"756","18155","IN",10613
"757","29093","MO",10630
"758","48475","TX",10658
"759","19069","IA",10680
"760","18025","IN",10713
"761","19137","IA",10740
"762","48077","TX",10752
"763","19131","IA",10776
"764","28143","MS",10778
"765","21041","KY",10811
"766","48403","TX",10834
"767","21187","KY",10841
"768","19189","IA",10866
"769","27075","MN",10866
"770","29149","MO",10881
"771","01011","AL",10914
"772","48379","TX",10914
"773","28097","MS",10925
"774","31041","NE",10939
"775","26001","MI",10942
"776","19077","IA",10954
"777","40069","OK",10957
"778","51119","VA",10959
"779","21171","KY",10963
"780","16021","ID",10972
"781","49015","UT",10976
"782","27121","MN",10995
"783","13043","GA",10998
"784","13109","GA",11000
"785","13099","GA",11008
"786","17035","IL",11048
"787","31145","NE",11055
"788","38003","ND",11066
"789","53059","WA",11066
"790","13005","GA",11096
"791","26097","MI",11113
"792","38099","ND",11119
"793","51057","VA",11151
"794","40077","OK",11154
"795","37005","NC",11155
"796","41049","OR",11173
"797","46079","SD",11200
"798","22091","LA",11203
"799","27165","MN",11211
"800","05127","AR",11233
"801","21087","KY",11258
"802","13053","GA",11267
"803","05109","AR",11291
"804","01085","AL",11299
"805","31013","NE",11308
"806","21131","KY",11310
"807","19081","IA",11341
"808","19115","IA",11387
"809","51103","VA",11391
"810","30043","MT",11406
"811","30089","MT",11413
"812","38071","ND",11451
"813","05011","AR",11508
"814","16073","ID",11526
"815","48297","TX",11531
"816","01037","AL",11539
"817","26085","MI",11539
"818","28103","MS",11545
"819","12037","FL",11549
"820","40103","OK",11561
"821","40127","OK",11572
"822","19119","IA",11581
"823","30027","MT",11586
"824","21011","KY",11591
"825","22123","LA",11604
"826","40149","OK",11629
"827","47087","TN",11638
"828","56003","WY",11668
"829","01131","AL",11670
"830","48507","TX",11677
"831","27033","MN",11687
"832","30017","MT",11699
"833","21229","KY",11717
"834","47121","TN",11753
"835","47039","TN",11757
"836","48131","TX",11782
"837","05017","AR",11800
"838","26071","MI",11817
"839","13149","GA",11834
"840","54023","WV",11937
"841","40011","OK",11943
"842","17185","IL",11947
"843","08105","CO",11982
"844","35051","NM",11988
"845","13235","GA",12010
"846","19035","IA",12072
"847","08007","CO",12084
"848","51183","VA",12087
"849","22065","LA",12093
"850","51735","VA",12150
"851","21061","KY",12161
"852","47101","TN",12161
"853","19165","IA",12167
"854","13049","GA",12171
"855","40107","OK",12191
"856","37073","NC",12197
"857","72095","PR",12225
"858","29123","MO",12226
"859","29139","MO",12236
"860","51081","VA",12243
"861","05049","AR",12245
"862","28111","MS",12250
"863","51133","VA",12330
"864","51610","VA",12332
"865","29017","MO",12363
"866","51131","VA",12389
"867","05137","AR",12394
"868","48063","TX",12401
"869","29011","MO",12402
"870","19037","IA",12439
"871","27023","MN",12441
"872","19075","IA",12453
"873","21219","KY",12460
"874","28065","MS",12487
"875","49027","UT",12503
"876","19175","IA",12534
"877","08099","CO",12551
"878","17087","IL",12582
"879","51037","VA",12586
"880","21197","KY",12613
"881","13079","GA",12630
"882","17123","IL",12640
"883","48445","TX",12651
"884","20115","KS",12660
"885","28161","MS",12678
"886","72054","PR",12680
"887","21031","KY",12690
"888","51007","VA",12690
"889","17129","IL",12705
"890","29115","MO",12761
"891","16079","ID",12765
"892","18009","IN",12766
"893","40061","OK",12769
"894","16041","ID",12786
"895","18125","IN",12845
"896","48387","TX",12860
"897","30003","MT",12865
"898","47007","TN",12876
"899","12043","FL",12884
"900","19007","IA",12887
"901","29063","MO",12892
"902","51111","VA",12914
"903","21159","KY",12929
"904","28077","MS",12929
"905","48343","TX",12934
"906","21033","KY",12984
"907","53051","WA",13001
"908","05041","AR",13008
"909","13023","GA",13063
"910","28005","MS",13131
"911","37137","NC",13144
"912","05081","AR",13171
"913","01035","AL",13228
"914","37187","NC",13228
"915","19197","IA",13229
"916","16043","ID",13242
"917","56015","WY",13249
"918","51113","VA",13308
"919","27071","MN",13311
"920","47161","TN",13324
"921","21153","KY",13333
"922","20001","KS",13371
"923","26141","MI",13376
"924","30035","MT",13399
"925","18131","IN",13402
"926","39163","OH",13435
"927","37143","NC",13453
"928","20085","KS",13462
"929","02130","AK",13477
"930","40099","OK",13488
"931","21109","KY",13494
"932","54063","WV",13502
"933","29223","MO",13521
"934","48487","TX",13535
"935","48059","TX",13544
"936","46113","SD",13586
"937","55011","WI",13587
"938","02150","AK",13592
"939","21233","KY",13621
"940","72037","PR",13631
"941","17017","IL",13642
"942","48313","TX",13664
"943","31185","NE",13665
"944","29067","MO",13684
"945","05065","AR",13696
"946","47061","TN",13703
"947","35007","NM",13750
"948","01119","AL",13763
"949","48389","TX",13783
"950","06105","CA",13786
"951","05061","AR",13789
"952","08081","CO",13795
"953","47015","TN",13801
"954","17025","IL",13815
"955","51690","VA",13821
"956","48115","TX",13833
"957","56009","WY",13833
"958","27159","MN",13843
"959","01023","AL",13859
"960","46027","SD",13864
"961","21135","KY",13870
"962","21025","KY",13878
"963","29151","MO",13878
"964","17061","IL",13886
"965","13159","GA",13900
"966","01041","AL",13906
"967","21175","KY",13923
"968","54089","WV",13927
"969","27113","MN",13930
"970","01027","AL",13932
"971","38079","ND",13937
"972","19029","IA",13956
"973","48093","TX",13974
"974","48279","TX",13977
"975","37173","NC",13981
"976","29039","MO",13982
"977","40063","OK",14003
"978","48505","TX",14018
"979","54031","WV",14025
"980","51043","VA",14034
"981","51830","VA",14068
"982","26039","MI",14074
"983","48239","TX",14075
"984","17053","IL",14081
"985","29181","MO",14100
"986","47153","TN",14112
"987","05079","AR",14134
"988","55099","WI",14159
"989","40005","OK",14182
"990","21123","KY",14193
"991","31151","NE",14200
"992","06051","CA",14202
"993","18111","IN",14244
"994","51685","VA",14273
"995","19005","IA",14330
"996","13191","GA",14333
"997","21221","KY",14339
"998","21069","KY",14348
"999","22013","LA",14353
"1000","29133","MO",14358
"1001","19141","IA",14398
"1002","46127","SD",14399
"1003","28041","MS",14400
"1004","48351","TX",14445
"1005","13183","GA",14464
"1006","54007","WV",14523
"1007","27043","MN",14553
"1008","01075","AL",14564
"1009","48455","TX",14585
"1010","47033","TN",14586
"1011","13251","GA",14593
"1012","12013","FL",14625
"1013","39111","OH",14642
"1014","39121","OH",14645
"1015","17193","IL",14665
"1016","17125","IL",14666
"1017","21065","KY",14672
"1018","17189","IL",14716
"1019","13193","GA",14740
"1020","49037","UT",14746
"1021","55107","WI",14755
"1022","12065","FL",14761
"1023","48003","TX",14786
"1024","37041","NC",14793
"1025","12047","FL",14799
"1026","48255","TX",14824
"1027","08049","CO",14843
"1028","42057","PA",14845
"1029","17139","IL",14846
"1030","26113","MI",14849
"1031","19023","IA",14867
"1032","21191","KY",14877
"1033","22059","LA",14890
"1034","13221","GA",14899
"1035","13093","GA",14918
"1036","54087","WV",14926
"1037","19085","IA",14928
"1038","28013","MS",14962
"1039","01029","AL",14972
"1040","51011","VA",14973
"1041","21225","KY",15007
"1042","55007","WI",15014
"1043","51125","VA",15020
"1044","40035","OK",15029
"1045","40073","OK",15034
"1046","39115","OH",15054
"1047","19129","IA",15059
"1048","13161","GA",15068
"1049","20011","KS",15173
"1050","45017","SC",15175
"1051","29117","MO",15195
"1052","72117","PR",15200
"1053","40023","OK",15205
"1054","48353","TX",15216
"1055","29073","MO",15222
"1056","27143","MN",15226
"1057","18013","IN",15242
"1058","51063","VA",15279
"1059","22127","LA",15313
"1060","08051","CO",15324
"1061","28135","MS",15378
"1062","17015","IL",15387
"1063","55077","WI",15404
"1064","21103","KY",15416
"1065","17127","IL",15429
"1066","28147","MS",15443
"1067","08003","CO",15445
"1068","55013","WI",15457
"1069","16047","ID",15464
"1070","08071","CO",15507
"1071","48371","TX",15507
"1072","51077","VA",15533
"1073","12125","FL",15535
"1074","19109","IA",15543
"1075","29121","MO",15566
"1076","37121","NC",15579
"1077","29135","MO",15607
"1078","22125","LA",15625
"1079","27135","MN",15629
"1080","30067","MT",15636
"1081","29065","MO",15657
"1082","19079","IA",15673
"1083","19121","IA",15679
"1084","05087","AR",15717
"1085","27129","MN",15730
"1086","31131","NE",15740
"1087","01065","AL",15760
"1088","53055","WA",15769
"1089","40095","OK",15840
"1090","51135","VA",15853
"1091","21127","KY",15860
"1092","12045","FL",15863
"1093","39067","OH",15864
"1094","56007","WY",15885
"1095","26011","MI",15899
"1096","51051","VA",15903
"1097","55129","WI",15911
"1098","19145","IA",15932
"1099","51101","VA",15935
"1100","18159","IN",15936
"1101","21045","KY",15955
"1102","45009","SC",15987
"1103","13133","GA",15994
"1104","27127","MN",16059
"1105","05021","AR",16083
"1106","30041","MT",16096
"1107","41001","OR",16134
"1108","55003","WI",16157
"1109","27001","MN",16202
"1110","08093","CO",16206
"1111","18165","IN",16212
"1112","17159","IL",16233
"1113","27065","MN",16239
"1114","13027","GA",16243
"1115","51005","VA",16250
"1116","16049","ID",16267
"1117","22049","LA",16274
"1118","13241","GA",16276
"1119","20139","KS",16295
"1120","19067","IA",16303
"1121","38077","ND",16321
"1122","17023","IL",16335
"1123","21119","KY",16346
"1124","19095","IA",16355
"1125","54041","WV",16372
"1126","35057","NM",16383
"1127","51750","VA",16408
"1128","12029","FL",16422
"1129","26053","MI",16427
"1130","17149","IL",16430
"1131","17131","IL",16434
"1132","47005","TN",16489
"1133","28129","MS",16491
"1134","13271","GA",16500
"1135","20133","KS",16512
"1136","32013","NV",16528
"1137","25007","MA",16535
"1138","55113","WI",16557
"1139","17039","IL",16561
"1140","40117","OK",16577
"1141","54103","WV",16583
"1142","54001","WV",16589
"1143","48287","TX",16612
"1144","48395","TX",16622
"1145","13083","GA",16633
"1146","72073","PR",16642
"1147","55023","WI",16644
"1148","05089","AR",16653
"1149","19041","IA",16667
"1150","19059","IA",16667
"1151","16045","ID",16719
"1152","17147","IL",16729
"1153","28023","MS",16732
"1154","31159","NE",16750
"1155","17191","IL",16760
"1156","29059","MO",16777
"1157","48289","TX",16801
"1158","47139","TN",16825
"1159","17101","IL",16833
"1160","55065","WI",16836
"1161","19101","IA",16843
"1162","54091","WV",16895
"1163","21079","KY",16912
"1164","48415","TX",16921
"1165","20005","KS",16924
"1166","13163","GA",16930
"1167","12041","FL",16939
"1168","02050","AK",17013
"1169","47181","TN",17021
"1170","46065","SD",17022
"1171","29013","MO",17049
"1172","21203","KY",17056
"1173","05133","AR",17058
"1174","21215","KY",17061
"1175","28061","MS",17062
"1176","19047","IA",17096
"1177","47023","TN",17131
"1178","51029","VA",17146
"1179","08097","CO",17148
"1180","26079","MI",17153
"1181","48051","TX",17187
"1182","22027","LA",17195
"1183","13075","GA",17212
"1184","48163","TX",17217
"1185","18045","IN",17240
"1186","01057","AL",17241
"1187","72067","PR",17250
"1188","05135","AR",17264
"1189","51071","VA",17286
"1190","29003","MO",17291
"1191","05141","AR",17295
"1192","01067","AL",17302
"1193","21213","KY",17327
"1194","18121","IN",17339
"1195","18139","IN",17392
"1196","28017","MS",17392
"1197","46005","SD",17398
"1198","51570","VA",17411
"1199","05075","AR",17415
"1200","51025","VA",17434
"1201","51193","VA",17454
"1202","42105","PA",17457
"1203","21161","KY",17490
"1204","26019","MI",17525
"1205","48165","TX",17526
"1206","19083","IA",17534
"1207","23021","ME",17535
"1208","54065","WV",17541
"1209","21207","KY",17565
"1210","01129","AL",17581
"1211","29053","MO",17601
"1212","13017","GA",17634
"1213","17187","IL",17707
"1214","19055","IA",17764
"1215","19171","IA",17767
"1216","17005","IL",17768
"1217","28131","MS",17786
"1218","37011","NC",17797
"1219","17181","IL",17808
"1220","08015","CO",17809
"1221","37199","NC",17818
"1222","51520","VA",17835
"1223","05053","AR",17853
"1224","35053","NM",17866
"1225","48145","TX",17866
"1226","13211","GA",17868
"1227","13231","GA",17869
"1228","05037","AR",17870
"1229","35028","NM",17950
"1230","47049","TN",17959
"1231","05121","AR",17969
"1232","05067","AR",17997
"1233","55103","WI",18021
"1234","56023","WY",18106
"1235","05047","AR",18125
"1236","19043","IA",18129
"1237","29186","MO",18145
"1238","21099","KY",18199
"1239","48035","TX",18212
"1240","13001","GA",18236
"1241","47091","TN",18244
"1242","06043","CA",18251
"1243","42093","PA",18267
"1244","29155","MO",18296
"1245","21147","KY",18306
"1246","47171","TN",18313
"1247","13171","GA",18317
"1248","36097","NY",18343
"1249","13011","GA",18395
"1250","51079","VA",18403
"1251","13025","GA",18411
"1252","51127","VA",18429
"1253","51141","VA",18490
"1254","19031","IA",18499
"1255","05043","AR",18509
"1256","29163","MO",18516
"1257","47085","TN",18538
"1258","06027","CA",18546
"1259","48503","TX",18550
"1260","51175","VA",18570
"1261","17045","IL",18576
"1262","48133","TX",18583
"1263","49013","UT",18607
"1264","21001","KY",18656
"1265","47041","TN",18723
"1266","53001","WA",18728
"1267","13229","GA",18758
"1268","72039","PR",18782
"1269","47075","TN",18787
"1270","29229","MO",18815
"1271","08089","CO",18831
"1272","21097","KY",18846
"1273","19157","IA",18914
"1274","29143","MO",18956
"1275","29157","MO",18971
"1276","05001","AR",19019
"1277","27055","MN",19027
"1278","55047","WI",19051
"1279","29015","MO",19056
"1280","17067","IL",19104
"1281","47173","TN",19109
"1282","20087","KS",19126
"1283","27161","MN",19136
"1284","47159","TN",19166
"1285","28051","MS",19198
"1286","28159","MS",19198
"1287","45061","SC",19220
"1288","12079","FL",19224
"1289","48285","TX",19263
"1290","72109","PR",19277
"1291","13019","GA",19286
"1292","48299","TX",19301
"1293","18123","IN",19338
"1294","48117","TX",19372
"1295","72055","PR",19427
"1296","72001","PR",19483
"1297","46035","SD",19504
"1298","28007","MS",19564
"1299","28031","MS",19568
"1300","72015","PR",19575
"1301","28141","MS",19593
"1302","39125","OH",19614
"1303","48281","TX",19677
"1304","30053","MT",19687
"1305","48337","TX",19719
"1306","01107","AL",19746
"1307","20041","KS",19754
"1308","48177","TX",19807
"1309","48161","TX",19816
"1310","17033","IL",19817
"1311","21155","KY",19820
"1312","18117","IN",19840
"1313","35041","NM",19846
"1314","19097","IA",19848
"1315","45081","SC",19875
"1316","12059","FL",19927
"1317","21003","KY",19956
"1318","55067","WI",19977
"1319","17041","IL",19980
"1320","21017","KY",19985
"1321","06063","CA",20007
"1322","21027","KY",20059
"1323","72089","PR",20068
"1324","16067","ID",20069
"1325","40153","OK",20081
"1326","27039","MN",20087
"1327","48123","TX",20097
"1328","19087","IA",20145
"1329","18015","IN",20155
"1330","13105","GA",20166
"1331","24029","MD",20197
"1332","48253","TX",20202
"1333","31177","NE",20234
"1334","40091","OK",20252
"1335","19021","IA",20260
"1336","22037","LA",20267
"1337","53039","WA",20318
"1338","27057","MN",20428
"1339","55053","WI",20449
"1340","48019","TX",20485
"1341","04012","AZ",20489
"1342","35027","NM",20497
"1343","37149","NC",20510
"1344","29141","MO",20565
"1345","55061","WI",20574
"1346","28025","MS",20634
"1347","19105","IA",20638
"1348","40139","OK",20640
"1349","05113","AR",20662
"1350","55119","WI",20689
"1351","22083","LA",20725
"1352","29049","MO",20743
"1353","28153","MS",20747
"1354","37115","NC",20764
"1355","22041","LA",20767
"1356","72045","PR",20778
"1357","31155","NE",20780
"1358","49041","UT",20802
"1359","21231","KY",20813
"1360","19027","IA",20816
"1361","22029","LA",20822
"1362","18049","IN",20836
"1363","27091","MN",20840
"1364","27045","MN",20866
"1365","48089","TX",20874
"1366","55001","WI",20875
"1367","19065","IA",20880
"1368","53049","WA",20920
"1369","01013","AL",20947
"1370","18147","IN",20952
"1371","19019","IA",20958
"1372","37185","NC",20972
"1373","41013","OR",20978
"1374","31043","NE",21006
"1375","51820","VA",21006
"1376","01091","AL",21027
"1377","19191","IA",21056
"1378","45049","SC",21090
"1379","38093","ND",21100
"1380","56041","WY",21118
"1381","29217","MO",21159
"1382","13303","GA",21187
"1383","13237","GA",21218
"1384","18075","IN",21253
"1385","05029","AR",21273
"1386","37015","NC",21282
"1387","56039","WY",21294
"1388","21167","KY",21331
"1389","13291","GA",21356
"1390","37079","NC",21362
"1391","16013","ID",21376
"1392","27105","MN",21378
"1393","48057","TX",21381
"1394","49007","UT",21403
"1395","06011","CA",21419
"1396","21005","KY",21421
"1397","55125","WI",21430
"1398","01087","AL",21452
"1399","18153","IN",21475
"1400","18119","IN",21575
"1401","72059","PR",21581
"1402","20021","KS",21603
"1403","20149","KS",21604
"1404","20099","KS",21607
"1405","53003","WA",21623
"1406","27157","MN",21676
"1407","13321","GA",21679
"1408","26129","MI",21699
"1409","19183","IA",21704
"1410","26089","MI",21708
"1411","51075","VA",21717
"1412","28101","MS",21720
"1413","41031","OR",21720
"1414","54043","WV",21720
"1415","21051","KY",21730
"1416","05107","AR",21757
"1417","48457","TX",21766
"1418","13091","GA",21796
"1419","05003","AR",21853
"1420","13189","GA",21875
"1421","48341","TX",21904
"1422","28043","MS",21906
"1423","47129","TN",21987
"1424","13199","GA",21992
"1425","47133","TN",22083
"1426","13119","GA",22084
"1427","37131","NC",22099
"1428","22093","LA",22102
"1429","54047","WV",22113
"1430","40009","OK",22119
"1431","48489","TX",22134
"1432","17051","IL",22140
"1433","48233","TX",22150
"1434","05149","AR",22185
"1435","47151","TN",22228
"1436","28139","MS",22232
"1437","47111","TN",22248
"1438","29083","MO",22272
"1439","51163","VA",22307
"1440","22043","LA",22309
"1441","31067","NE",22311
"1442","13085","GA",22330
"1443","41027","OR",22346
"1444","17145","IL",22350
"1445","05083","AR",22353
"1446","17173","IL",22363
"1447","41015","OR",22364
"1448","16053","ID",22374
"1449","19123","IA",22381
"1450","38105","ND",22398
"1451","46135","SD",22438
"1452","48179","TX",22535
"1453","51600","VA",22565
"1454","12123","FL",22570
"1455","28039","MS",22578
"1456","51670","VA",22591
"1457","13107","GA",22598
"1458","05057","AR",22609
"1459","39175","OH",22615
"1460","45011","SC",22621
"1461","16075","ID",22623
"1462","47057","TN",22657
"1463","17085","IL",22678
"1464","40001","OK",22683
"1465","08075","CO",22709
"1466","22111","LA",22721
"1467","22077","LA",22802
"1468","01111","AL",22913
"1469","01007","AL",22915
"1470","48219","TX",22935
"1471","16031","ID",22952
"1472","20175","KS",22952
"1473","17083","IL",22985
"1474","05019","AR",22995
"1475","22075","LA",23042
"1476","01099","AL",23068
"1477","29119","MO",23083
"1478","08039","CO",23086
"1479","18047","IN",23087
"1480","48007","TX",23158
"1481","51169","VA",23177
"1482","72133","PR",23274
"1483","27093","MN",23300
"1484","13033","GA",23316
"1485","21205","KY",23333
"1486","08119","CO",23350
"1487","21115","KY",23356
"1488","18149","IN",23363
"1489","51147","VA",23368
"1490","29147","MO",23370
"1491","29195","MO",23370
"1492","48293","TX",23384
"1493","28057","MS",23401
"1494","22007","LA",23421
"1495","72107","PR",23423
"1496","13081","GA",23439
"1497","29177","MO",23494
"1498","13205","GA",23498
"1499","08107","CO",23509
"1500","26133","MI",23528
"1501","49051","UT",23530
"1502","37053","NC",23547
"1503","26009","MI",23580
"1504","51099","VA",23584
"1505","13035","GA",23655
"1506","13111","GA",23682
"1507","55049","WI",23687
"1508","37033","NC",23719
"1509","48225","TX",23732
"1510","51790","VA",23746
"1511","39105","OH",23770
"1512","22121","LA",23788
"1513","48365","TX",23796
"1514","54109","WV",23796
"1515","28079","MS",23805
"1516","21183","KY",23842
"1517","45039","SC",23956
"1518","54027","WV",23964
"1519","26109","MI",24029
"1520","51139","VA",24042
"1521","54009","WV",24069
"1522","46081","SD",24097
"1523","51027","VA",24098
"1524","20191","KS",24132
"1525","26137","MI",24164
"1526","18143","IN",24181
"1527","38089","ND",24199
"1528","22085","LA",24233
"1529","54097","WV",24254
"1530","19017","IA",24276
"1531","18041","IN",24277
"1532","72111","PR",24282
"1533","51630","VA",24286
"1534","31047","NE",24326
"1535","26143","MI",24449
"1536","50015","VT",24475
"1537","01133","AL",24484
"1538","55137","WI",24496
"1539","37117","NC",24505
"1540","21217","KY",24512
"1541","21133","KY",24519
"1542","05027","AR",24552
"1543","48149","TX",24554
"1544","05111","AR",24583
"1545","54005","WV",24629
"1546","42067","PA",24636
"1547","18181","IN",24643
"1548","21081","KY",24662
"1549","37091","NC",24669
"1550","47081","TN",24690
"1551","29055","MO",24696
"1552","26101","MI",24733
"1553","21137","KY",24742
"1554","29131","MO",24748
"1555","48331","TX",24757
"1556","45053","SC",24777
"1557","51775","VA",24802
"1558","72017","PR",24816
"1559","48171","TX",24837
"1560","32001","NV",24877
"1561","27153","MN",24895
"1562","12133","FL",24896
"1563","17165","IL",24913
"1564","21239","KY",24939
"1565","19149","IA",24986
"1566","13131","GA",25011
"1567","35029","NM",25095
"1568","29221","MO",25195
"1569","13147","GA",25213
"1570","41065","OR",25213
"1571","31025","NE",25241
"1572","41057","OR",25250
"1573","72121","PR",25265
"1574","28117","MS",25276
"1575","36123","NY",25348
"1576","29175","MO",25414
"1577","45001","SC",25417
"1578","46093","SD",25434
"1579","48419","TX",25448
"1580","40133","OK",25482
"1581","13267","GA",25520
"1582","29007","MO",25529
"1583","08083","CO",25535
"1584","05071","AR",25540
"1585","51105","VA",25587
"1586","29001","MO",25607
"1587","51065","VA",25691
"1588","26051","MI",25692
"1589","18031","IN",25740
"1590","21085","KY",25746
"1591","41061","OR",25748
"1592","72079","PR",25753
"1593","22003","LA",25764
"1594","01025","AL",25833
"1595","47185","TN",25841
"1596","27083","MN",25857
"1597","26069","MI",25887
"1598","27015","MN",25893
"1599","72009","PR",25900
"1600","18129","IN",25910
"1601","72115","PR",25919
"1602","26029","MI",25949
"1603","05023","AR",25970
"1604","01019","AL",25989
"1605","20059","KS",25992
"1606","29215","MO",26008
"1607","13055","GA",26015
"1608","47071","TN",26026
"1609","72149","PR",26073
"1610","47109","TN",26075
"1611","19011","IA",26076
"1612","27095","MN",26097
"1613","05103","AR",26120
"1614","16051","ID",26140
"1615","28027","MS",26151
"1616","26031","MI",26152
"1617","26043","MI",26168
"1618","18135","IN",26171
"1619","13257","GA",26175
"1620","51840","VA",26203
"1621","54067","WV",26233
"1622","19015","IA",26306
"1623","48407","TX",26384
"1624","48463","TX",26405
"1625","13207","GA",26424
"1626","40065","OK",26446
"1627","24039","MD",26470
"1628","21173","KY",26499
"1629","26127","MI",26570
"1630","48185","TX",26604
"1631","22031","LA",26656
"1632","55057","WI",26664
"1633","72103","PR",26720
"1634","01061","AL",26790
"1635","21141","KY",26835
"1636","54059","WV",26839
"1637","18021","IN",26890
"1638","37007","NC",26948
"1639","45037","SC",26985
"1640","16039","ID",27038
"1641","36049","NY",27087
"1642","28091","MS",27088
"1643","12003","FL",27115
"1644","28145","MS",27134
"1645","13311","GA",27144
"1646","13293","GA",27153
"1647","35006","NM",27213
"1648","13279","GA",27223
"1649","46029","SD",27227
"1650","50019","VT",27231
"1651","47069","TN",27253
"1652","37009","NC",27281
"1653","54053","WV",27324
"1654","37039","NC",27444
"1655","05015","AR",27446
"1656","01005","AL",27457
"1657","40039","OK",27469
"1658","38059","ND",27471
"1659","28127","MS",27503
"1660","40049","OK",27576
"1661","18179","IN",27636
"1662","20009","KS",27674
"1663","13225","GA",27695
"1664","27079","MN",27703
"1665","21043","KY",27720
"1666","12049","FL",27731
"1667","47077","TN",27769
"1668","55029","WI",27785
"1669","37123","NC",27798
"1670","47097","TN",27815
"1671","49039","UT",27822
"1672","13087","GA",27842
"1673","22067","LA",27979
"1674","08117","CO",27994
"1675","51053","VA",28001
"1676","51145","VA",28046
"1677","28163","MS",28065
"1678","48363","TX",28111
"1679","13195","GA",28120
"1680","06021","CA",28122
"1681","72033","PR",28140
"1682","08087","CO",28159
"1683","56029","WY",28205
"1684","54057","WV",28212
"1685","39069","OH",28215
"1686","47115","TN",28237
"1687","05123","AR",28258
"1688","18175","IN",28262
"1689","28123","MS",28264
"1690","42131","PA",28276
"1691","13123","GA",28292
"1692","13177","GA",28298
"1693","48015","TX",28417
"1694","21021","KY",28432
"1695","20051","KS",28452
"1696","12007","FL",28520
"1697","47017","TN",28522
"1698","18079","IN",28525
"1699","51033","VA",28545
"1700","39001","OH",28550
"1701","27021","MN",28567
"1702","21163","KY",28602
"1703","06015","CA",28610
"1704","72007","PR",28659
"1705","13169","GA",28669
"1706","21013","KY",28691
"1707","26105","MI",28705
"1708","39131","OH",28709
"1709","21193","KY",28712
"1710","55069","WI",28743
"1711","39161","OH",28744
"1712","30047","MT",28746
"1713","13143","GA",28780
"1714","29127","MO",28781
"1715","55121","WI",28816
"1716","18137","IN",28818
"1717","39019","OH",28836
"1718","28137","MS",28886
"1719","51167","VA",28897
"1720","45069","SC",28933
"1721","50017","VT",28936
"1722","45087","SC",28961
"1723","39047","OH",29030
"1724","56033","WY",29116
"1725","20113","KS",29180
"1726","54035","WV",29211
"1727","51197","VA",29235
"1728","72011","PR",29261
"1729","21095","KY",29278
"1730","39073","OH",29380
"1731","35047","NM",29393
"1732","54083","WV",29405
"1733","13227","GA",29431
"1734","28029","MS",29449
"1735","28133","MS",29450
"1736","47055","TN",29485
"1737","35017","NM",29514
"1738","26007","MI",29598
"1739","40015","OK",29600
"1740","28099","MS",29676
"1741","17075","IL",29718
"1742","27115","MN",29750
"1743","55123","WI",29773
"1744","53031","WA",29872
"1745","28115","MS",29957
"1746","13187","GA",29966
"1747","29207","MO",29968
"1748","51035","VA",30042
"1749","72087","PR",30060
"1750","24023","MD",30097
"1751","13305","GA",30099
"1752","17135","IL",30104
"1753","13029","GA",30233
"1754","17107","IL",30305
"1755","72019","PR",30318
"1756","72105","PR",30402
"1757","48067","TX",30464
"1758","47117","TN",30617
"1759","54029","WV",30676
"1760","72081","PR",30753
"1761","23007","ME",30768
"1762","01093","AL",30776
"1763","12129","FL",30776
"1764","26035","MI",30926
"1765","39053","OH",30934
"1766","08029","CO",30952
"1767","72123","PR",31078
"1768","29167","MO",31137
"1769","50005","VT",31227
"1770","27047","MN",31255
"1771","02110","AK",31275
"1772","41045","OR",31313
"1773","31001","NE",31364
"1774","21157","KY",31448
"1775","21177","KY",31499
"1776","22053","LA",31594
"1777","27119","MN",31600
"1778","18027","IN",31648
"1779","01059","AL",31704
"1780","47131","TN",31807
"1781","47143","TN",31809
"1782","40115","OK",31848
"1783","48025","TX",31861
"1784","21121","KY",31883
"1785","42047","PA",31946
"1786","29069","MO",31953
"1787","46011","SD",31965
"1788","13145","GA",32024
"1789","39065","OH",32058
"1790","48273","TX",32061
"1791","45033","SC",32062
"1792","29209","MO",32202
"1793","51173","VA",32208
"1794","47025","TN",32213
"1795","31141","NE",32237
"1796","28001","MS",32297
"1797","28083","MS",32317
"1798","47079","TN",32330
"1799","48449","TX",32334
"1800","51009","VA",32353
"1801","51730","VA",32420
"1802","18077","IN",32428
"1803","27005","MN",32504
"1804","29219","MO",32513
"1805","49047","UT",32588
"1806","72101","PR",32610
"1807","17109","IL",32612
"1808","24019","MD",32618
"1809","26047","MI",32694
"1810","27103","MN",32727
"1811","51117","VA",32727
"1812","26165","MI",32735
"1813","36095","NY",32749
"1814","20121","KS",32787
"1815","13219","GA",32808
"1816","13261","GA",32819
"1817","23029","ME",32856
"1818","18169","IN",32888
"1819","01109","AL",32899
"1820","05059","AR",32923
"1821","35055","NM",32937
"1822","17133","IL",32957
"1823","33007","NH",33055
"1824","45067","SC",33062
"1825","24011","MD",33066
"1826","37175","NC",33090
"1827","54051","WV",33107
"1828","26063","MI",33118
"1829","45023","SC",33140
"1830","51023","VA",33148
"1831","72141","PR",33149
"1832","40089","OK",33151
"1833","51109","VA",33153
"1834","51001","VA",33164
"1835","18055","IN",33165
"1836","27097","MN",33198
"1837","18023","IN",33224
"1838","39079","OH",33225
"1839","18183","IN",33292
"1840","19125","IA",33309
"1841","47103","TN",33361
"1842","29107","MO",33381
"1843","22047","LA",33387
"1844","48259","TX",33410
"1845","17157","IL",33476
"1846","18073","IN",33478
"1847","51137","VA",33481
"1848","18051","IN",33503
"1849","54077","WV",33520
"1850","20111","KS",33690
"1851","19167","IA",33704
"1852","48477","TX",33718
"1853","20057","KS",33848
"1854","48147","TX",33915
"1855","37055","NC",33920
"1856","37113","NC",33922
"1857","22039","LA",33984
"1858","28011","MS",34145
"1859","18151","IN",34185
"1860","30093","MT",34200
"1861","01017","AL",34215
"1862","17049","IL",34242
"1863","40081","OK",34273
"1864","01079","AL",34339
"1865","20061","KS",34362
"1866","18001","IN",34387
"1867","45089","SC",34423
"1868","23015","ME",34457
"1869","39137","OH",34499
"1870","40087","OK",34506
"1871","20079","KS",34684
"1872","55019","WI",34690
"1873","28107","MS",34707
"1874","17021","IL",34800
"1875","39117","OH",34827
"1876","12027","FL",34862
"1877","28085","MS",34869
"1878","51155","VA",34872
"1879","31119","NE",34876
"1880","06035","CA",34895
"1881","45027","SC",34971
"1882","17011","IL",34978
"1883","48227","TX",35012
"1884","47183","TN",35021
"1885","48217","TX",35089
"1886","48071","TX",35096
"1887","72027","PR",35159
"1888","48223","TX",35161
"1889","37017","NC",35190
"1890","36099","NY",35251
"1891","51093","VA",35270
"1892","23023","ME",35293
"1893","27017","MN",35386
"1894","20125","KS",35471
"1895","54025","WV",35480
"1896","72125","PR",35527
"1897","17137","IL",35547
"1898","29105","MO",35571
"1899","29009","MO",35597
"1900","21049","KY",35613
"1901","19179","IA",35625
"1902","21235","KY",35637
"1903","22011","LA",35654
"1904","47029","TN",35662
"1905","48241","TX",35710
"1906","51149","VA",35725
"1907","19111","IA",35862
"1908","22087","LA",35897
"1909","55085","WI",35998
"1910","27041","MN",36009
"1911","17103","IL",36031
"1912","39127","OH",36058
"1913","37165","NC",36157
"1914","29225","MO",36202
"1915","51083","VA",36241
"1916","48189","TX",36273
"1917","31111","NE",36288
"1918","56001","WY",36299
"1919","20035","KS",36311
"1920","13299","GA",36312
"1921","49043","UT",36324
"1922","46013","SD",36531
"1923","27147","MN",36576
"1924","26061","MI",36628
"1925","05063","AR",36647
"1926","27085","MN",36651
"1927","31053","NE",36691
"1928","48321","TX",36702
"1929","54045","WV",36743
"1930","20055","KS",36776
"1931","50001","VT",36821
"1932","19099","IA",36842
"1933","55045","WI",36842
"1934","51073","VA",36858
"1935","39031","OH",36901
"1936","05009","AR",36903
"1937","18103","IN",36903
"1938","21089","KY",36910
"1939","31157","NE",36970
"1940","28095","MS",36989
"1941","72053","PR",36993
"1942","41007","OR",37039
"1943","28003","MS",37057
"1944","17057","IL",37069
"1945","26041","MI",37069
"1946","21083","KY",37121
"1947","18069","IN",37124
"1948","50003","VT",37125
"1949","18087","IN",37128
"1950","72047","PR",37142
"1951","28093","MS",37144
"1952","21035","KY",37191
"1953","37003","NC",37198
"1954","04009","AZ",37220
"1955","16057","ID",37244
"1956","40123","OK",37492
"1957","45071","SC",37508
"1958","16065","ID",37536
"1959","51187","VA",37575
"1960","39171","OH",37642
"1961","55083","WI",37660
"1962","17027","IL",37762
"1963","01039","AL",37765
"1964","24041","MD",37782
"1965","27059","MN",37816
"1966","51683","VA",37821
"1967","48143","TX",37890
"1968","72151","PR",37941
"1969","18133","IN",37963
"1970","19187","IA",38013
"1971","48055","TX",38066
"1972","06005","CA",38091
"1973","48049","TX",38106
"1974","18107","IN",38124
"1975","72051","PR",38165
"1976","01053","AL",38319
"1977","47045","TN",38335
"1978","37197","NC",38406
"1979","47047","TN",38413
"1980","53017","WA",38431
"1981","48097","TX",38437
"1982","18083","IN",38440
"1983","27009","MN",38451
"1984","26033","MI",38520
"1985","29109","MO",38634
"1986","17203","IL",38664
"1987","72085","PR",38675
"1988","42059","PA",38686
"1989","23027","ME",38786
"1990","17081","IL",38827
"1991","45029","SC",38892
"1992","17105","IL",38950
"1993","18017","IN",38966
"1994","39039","OH",39037
"1995","47021","TN",39105
"1996","20037","KS",39134
"1997","12051","FL",39140
"1998","27099","MN",39163
"1999","29201","MO",39191
"2000","42035","PA",39238
"2001","16069","ID",39265
"2002","48459","TX",39309
"2003","18061","IN",39364
"2004","36031","NY",39370
"2005","17121","IL",39437
"2006","21071","KY",39451
"2007","37145","NC",39464
"2008","17055","IL",39561
"2009","22069","LA",39566
"2010","13213","GA",39628
"2011","42109","PA",39702
"2012","23013","ME",39736
"2013","47177","TN",39839
"2014","72143","PR",39951
"2015","42031","PA",39988
"2016","12093","FL",39996
"2017","40111","OK",40069
"2018","39059","OH",40087
"2019","39021","OH",40097
"2020","72099","PR",40109
"2021","13277","GA",40118
"2022","56013","WY",40123
"2023","30081","MT",40212
"2024","35039","NM",40246
"2025","37099","NC",40271
"2026","72077","PR",40290
"2027","19057","IA",40325
"2028","29091","MO",40400
"2029","28113","MS",40404
"2030","72043","PR",40512
"2031","19127","IA",40648
"2032","37139","NC",40661
"2033","47013","TN",40716
"2034","12075","FL",40801
"2035","39107","OH",40814
"2036","48249","TX",40838
"2037","16017","ID",40877
"2038","53037","WA",40915
"2039","55093","WI",41019
"2040","47051","TN",41052
"2041","72129","PR",41058
"2042","53047","WA",41120
"2043","22119","LA",41207
"2044","37059","NC",41240
"2045","40097","OK",41259
"2046","08085","CO",41276
"2047","48481","TX",41280
"2048","39123","OH",41428
"2049","51195","VA",41452
"2050","13233","GA",41475
"2051","40041","OK",41487
"2052","05005","AR",41513
"2053","12121","FL",41551
"2054","01123","AL",41616
"2055","05139","AR",41639
"2056","55075","WI",41749
"2057","42123","PA",41815
"2058","40083","OK",41848
"2059","47099","TN",41869
"2060","18037","IN",41889
"2061","55115","WI",41949
"2062","72065","PR",41953
"2063","72003","PR",41959
"2064","48499","TX",41964
"2065","42117","PA",41981
"2066","51171","VA",41993
"2067","39027","OH",42040
"2068","72153","PR",42043
"2069","22009","LA",42073
"2070","21211","KY",42074
"2071","05055","AR",42090
"2072","36121","NY",42155
"2073","21009","KY",42173
"2074","29159","MO",42201
"2075","18033","IN",42223
"2076","27067","MN",42239
"2077","39135","OH",42270
"2078","13069","GA",42356
"2079","39075","OH",42366
"2080","18071","IN",42376
"2081","40135","OK",42391
"2082","40013","OK",42416
"2083","72131","PR",42430
"2084","26057","MI",42476
"2085","54099","WV",42481
"2086","39051","OH",42698
"2087","19139","IA",42745
"2088","48053","TX",42750
"2089","29023","MO",42794
"2090","26107","MI",42798
"2091","36073","NY",42883
"2092","48493","TX",42918
"2093","13137","GA",43041
"2094","51590","VA",43055
"2095","26151","MI",43114
"2096","48473","TX",43205
"2097","42115","PA",43356
"2098","39097","OH",43435
"2099","21179","KY",43437
"2100","42083","PA",43450
"2101","05091","AR",43462
"2102","51540","VA",43475
"2103","72041","PR",43480
"2104","53065","WA",43531
"2105","39071","OH",43589
"2106","01021","AL",43643
"2107","33019","NH",43742
"2108","39033","OH",43784
"2109","56037","WY",43806
"2110","01047","AL",43820
"2111","55033","WI",43857
"2112","28045","MS",43929
"2113","32023","NV",43946
"2114","29029","MO",44002
"2115","72091","PR",44113
"2116","19033","IA",44151
"2117","55031","WI",44159
"2118","55095","WI",44205
"2119","29027","MO",44332
"2120","18145","IN",44436
"2121","27007","MN",44442
"2122","54069","WV",44443
"2123","50025","VT",44513
"2124","47123","TN",44519
"2125","55081","WI",44673
"2126","13275","GA",44720
"2127","53075","WA",44776
"2128","46083","SD",44828
"2129","39015","OH",44846
"2130","06093","CA",44900
"2131","48013","TX",44911
"2132","42119","PA",44947
"2133","37111","NC",44996
"2134","40137","OK",45048
"2135","27061","MN",45058
"2136","47003","TN",45058
"2137","51185","VA",45078
"2138","29161","MO",45156
"2139","42065","PA",45200
"2140","26023","MI",45248
"2141","72057","PR",45362
"2142","72063","PR",45369
"2143","48373","TX",45413
"2144","37181","NC",45422
"2145","13071","GA",45498
"2146","06009","CA",45578
"2147","16011","ID",45607
"2148","72071","PR",45631
"2149","13009","GA",45720
"2150","40121","OK",45837
"2151","39091","OH",45858
"2152","55005","WI",45870
"2153","42061","PA",45913
"2154","22095","LA",45924
"2155","39011","OH",45949
"2156","42099","PA",45969
"2157","48325","TX",46006
"2158","41041","OR",46034
"2159","54019","WV",46039
"2160","31019","NE",46102
"2161","56005","WY",46133
"2162","18093","IN",46134
"2163","49021","UT",46163
"2164","27049","MN",46183
"2165","19181","IA",46225
"2166","21101","KY",46250
"2167","12039","FL",46389
"2168","05093","AR",46480
"2169","40071","OK",46562
"2170","37153","NC",46639
"2171","42087","PA",46682
"2172","26059","MI",46688
"2173","51047","VA",46689
"2174","45025","SC",46734
"2175","22061","LA",46735
"2176","08043","CO",46824
"2177","21107","KY",46920
"2178","37093","NC",46952
"2179","40021","OK",46987
"2180","32005","NV",46997
"2181","18099","IN",47051
"2182","22117","LA",47168
"2183","21209","KY",47173
"2184","28071","MS",47351
"2185","37169","NC",47401
"2186","04023","AZ",47420
"2187","40113","OK",47472
"2188","18113","IN",47536
"2189","40019","OK",47557
"2190","72029","PR",47648
"2191","28105","MS",47671
"2192","17177","IL",47711
"2193","48349","TX",47735
"2194","50011","VT",47746
"2195","37013","NC",47759
"2196","17117","IL",47765
"2197","24035","MD",47798
"2198","33003","NH",47818
"2199","36025","NY",47980
"2200","72035","PR",48119
"2201","35009","NM",48376
"2202","13175","GA",48434
"2203","26123","MI",48460
"2204","47105","TN",48556
"2205","21113","KY",48586
"2206","28149","MS",48773
"2207","32007","NV",48818
"2208","48465","TX",48879
"2209","51660","VA",48914
"2210","36003","NY",48946
"2211","55015","WI",48971
"2212","19045","IA",49116
"2213","36039","NY",49221
"2214","21073","KY",49285
"2215","36023","NY",49336
"2216","41009","OR",49351
"2217","39149","OH",49423
"2218","18065","IN",49462
"2219","21019","KY",49542
"2220","48265","TX",49625
"2221","47043","TN",49666
"2222","47053","TN",49683
"2223","12063","FL",49746
"2224","42009","PA",49762
"2225","48277","TX",49793
"2226","44001","RI",49875
"2227","01031","AL",49948
"2228","49003","UT",49975
"2229","18029","IN",50047
"2230","17063","IL",50063
"2231","36057","NY",50219
"2232","01045","AL",50251
"2233","40079","OK",50384
"2234","36017","NY",50477
"2235","17073","IL",50486
"2236","13039","GA",50513
"2237","72075","PR",50747
"2238","48073","TX",50845
"2239","05035","AR",50902
"2240","72023","PR",50917
"2241","40147","OK",50976
"2242","37189","NC",51079
"2243","36107","NY",51125
"2244","28151","MS",51137
"2245","48221","TX",51182
"2246","55043","WI",51208
"2247","08067","CO",51334
"2248","47089","TN",51407
"2249","24047","MD",51454
"2250","27169","MN",51461
"2251","36033","NY",51599
"2252","29213","MO",51675
"2253","32019","NV",51980
"2254","22099","LA",52160
"2255","08037","CO",52197
"2256","37141","NC",52217
"2257","23025","ME",52228
"2258","13103","GA",52250
"2259","47107","TN",52266
"2260","29169","MO",52274
"2261","26027","MI",52293
"2262","39159","OH",52300
"2263","22115","LA",52334
"2264","55135","WI",52410
"2265","40051","OK",52431
"2266","29113","MO",52566
"2267","48467","TX",52579
"2268","29101","MO",52595
"2269","22089","LA",52780
"2270","47031","TN",52796
"2271","42127","PA",52822
"2272","17095","IL",52919
"2273","01113","AL",52947
"2274","39037","OH",52959
"2275","39005","OH",53139
"2276","01071","AL",53227
"2277","48401","TX",53330
"2278","17141","IL",53497
"2279","54037","WV",53498
"2280","04007","AZ",53597
"2281","35015","NM",53829
"2282","17029","IL",53873
"2283","27025","MN",53887
"2284","51089","VA",54151
"2285","17007","IL",54165
"2286","47145","TN",54181
"2287","48323","TX",54258
"2288","72119","PR",54304
"2289","23009","ME",54418
"2290","01033","AL",54428
"2291","01001","AL",54571
"2292","48199","TX",54635
"2293","22101","LA",54650
"2294","37083","NC",54691
"2295","51031","VA",54842
"2296","51191","VA",54876
"2297","42121","PA",54984
"2298","12131","FL",55043
"2299","13129","GA",55186
"2300","06069","CA",55269
"2301","32510","NV",55274
"2302","45021","SC",55342
"2303","06109","CA",55365
"2304","02122","AK",55400
"2305","54079","WV",55486
"2306","36035","NY",55531
"2307","20169","KS",55606
"2308","28073","MS",55658
"2309","39129","OH",55698
"2310","26157","MI",55729
"2311","28109","MS",55834
"2312","08014","CO",55889
"2313","47035","TN",56053
"2314","51067","VA",56159
"2315","08045","CO",56389
"2316","54049","WV",56418
"2317","37065","NC",56552
"2318","18011","IN",56640
"2319","50027","VT",56670
"2320","39147","OH",56745
"2321","47073","TN",56833
"2322","55021","WI",56833
"2323","27111","MN",57303
"2324","01009","AL",57322
"2325","42103","PA",57369
"2326","47019","TN",57424
"2327","23017","ME",57833
"2328","37105","NC",57866
"2329","22113","LA",57999
"2330","37047","NC",58098
"2331","29145","MO",58114
"2332","49045","UT",58218
"2333","48001","TX",58458
"2334","72069","PR",58466
"2335","17195","IL",58498
"2336","37061","NC",58505
"2337","31079","NE",58607
"2338","53071","WA",58781
"2339","21125","KY",58849
"2340","27027","MN",58999
"2341","37087","NC",59036
"2342","48497","TX",59127
"2343","26015","MI",59173
"2344","37107","NC",59495
"2345","50023","VT",59534
"2346","39077","OH",59626
"2347","72145","PR",59662
"2348","18173","IN",59689
"2349","28087","MS",59779
"2350","37077","NC",59916
"2351","36037","NY",60079
"2352","33001","NH",60088
"2353","45043","SC",60158
"2354","17077","IL",60218
"2355","21185","KY",60316
"2356","13157","GA",60485
"2357","40047","OK",60580
"2358","37167","NC",60585
"2359","37069","NC",60619
"2360","53045","WA",60699
"2361","39083","OH",60921
"2362","39143","OH",60944
"2363","72005","PR",60949
"2364","48427","TX",60968
"2365","47167","TN",61081
"2366","26149","MI",61295
"2367","50021","VT",61642
"2368","38101","ND",61675
"2369","45055","SC",61697
"2370","05115","AR",61754
"2371","22001","LA",61773
"2372","39167","OH",61778
"2373","05033","AR",61948
"2374","55111","WI",61976
"2375","36077","NY",62259
"2376","54055","WV",62264
"2377","55017","WI",62415
"2378","39087","OH",62450
"2379","27035","MN",62500
"2380","47063","TN",62544
"2381","42015","PA",62622
"2382","41011","OR",63043
"2383","21199","KY",63063
"2384","36021","NY",63096
"2385","36115","NY",63216
"2386","26117","MI",63342
"2387","30049","MT",63395
"2388","37163","NC",63431
"2389","13179","GA",63453
"2390","06103","CA",63463
"2391","37037","NC",63505
"2392","51143","VA",63506
"2393","35035","NM",63797
"2394","26067","MI",63905
"2395","13047","GA",63942
"2396","27013","MN",64013
"2397","13255","GA",64073
"2398","27131","MN",64142
"2399","20155","KS",64511
"2400","36043","NY",64519
"2401","48347","TX",64524
"2402","06033","CA",64665
"2403","35025","NM",64727
"2404","39009","OH",64757
"2405","48409","TX",64804
"2406","21195","KY",65024
"2407","51061","VA",65203
"2408","42025","PA",65249
"2409","29187","MO",65359
"2410","36051","NY",65393
"2411","51199","VA",65464
"2412","21145","KY",65565
"2413","48203","TX",65631
"2414","35005","NM",65645
"2415","36113","NY",65707
"2416","20015","KS",65880
"2417","34033","NJ",66083
"2418","19049","IA",66135
"2419","47147","TN",66283
"2420","17199","IL",66357
"2421","41035","OR",66380
"2422","37031","NC",66469
"2423","39101","OH",66501
"2424","45059","SC",66537
"2425","38035","ND",66861
"2426","51095","VA",67009
"2427","01127","AL",67023
"2428","13285","GA",67044
"2429","26103","MI",67077
"2430","15007","HI",67091
"2431","17001","IL",67103
"2432","42037","PA",67295
"2433","12023","FL",67531
"2434","28067","MS",67761
"2435","37161","NC",67810
"2436","48471","TX",67861
"2437","05085","AR",68356
"2438","51019","VA",68676
"2439","45031","SC",68681
"2440","13295","GA",68756
"2441","47059","TN",68831
"2442","18109","IN",68894
"2443","18177","IN",68917
"2444","42005","PA",68941
"2445","54033","WV",69099
"2446","37193","NC",69340
"2447","13013","GA",69367
"2448","40125","OK",69442
"2449","45047","SC",69661
"2450","39081","OH",69709
"2451","40037","OK",69967
"2452","18059","IN",70002
"2453","55097","WI",70019
"2454","18053","IN",70061
"2455","13031","GA",70217
"2456","26073","MI",70311
"2457","39013","OH",70400
"2458","26155","MI",70648
"2459","40101","OK",70990
"2460","01049","AL",71109
"2461","20161","KS",71115
"2462","25011","MA",71372
"2463","53009","WA",71404
"2464","35031","NM",71492
"2465","04001","AZ",71518
"2466","23003","ME",71870
"2467","06115","CA",72155
"2468","47141","TN",72321
"2469","53007","WA",72453
"2470","53027","WA",72797
"2471","40145","OK",73085
"2472","12087","FL",73090
"2473","22045","LA",73240
"2474","12089","FL",73314
"2475","36053","NY",73442
"2476","37171","NC",73673
"2477","51015","VA",73750
"2478","21047","KY",73955
"2479","72135","PR",74066
"2480","48021","TX",74171
"2481","45073","SC",74273
"2482","21029","KY",74319
"2483","12107","FL",74364
"2484","18043","IN",74578
"2485","55141","WI",74749
"2486","39063","OH",74782
"2487","72139","PR",74842
"2488","28035","MS",74934
"2489","24001","MD",75087
"2490","47001","TN",75129
"2491","26037","MI",75382
"2492","48099","TX",75388
"2493","41053","OR",75403
"2494","56025","WY",75450
"2495","53041","WA",75455
"2496","51680","VA",75568
"2497","48291","TX",75643
"2498","29031","MO",75674
"2499","41059","OR",75889
"2500","29051","MO",75990
"2501","20103","KS",76227
"2502","26159","MI",76258
"2503","51165","VA",76314
"2504","35061","NM",76569
"2505","45057","SC",76652
"2506","18005","IN",76794
"2507","05145","AR",77076
"2508","39043","OH",77079
"2509","33005","NH",77117
"2510","16083","ID",77230
"2511","40119","OK",77350
"2512","18085","IN",77358
"2513","29043","MO",77422
"2514","05069","AR",77435
"2515","36105","NY",77547
"2516","42111","PA",77742
"2517","39141","OH",78064
"2518","53021","WA",78163
"2519","37109","NC",78265
"2520","51069","VA",78305
"2521","48397","TX",78337
"2522","53029","WA",78506
"2523","48213","TX",78532
"2524","54081","WV",78859
"2525","01051","AL",79303
"2526","39145","OH",79499
"2527","13127","GA",79626
"2528","36011","NY",80026
"2529","28075","MS",80261
"2530","36009","NY",80317
"2531","01043","AL",80406
"2532","47119","TN",80956
"2533","37195","NC",81234
"2534","38015","ND",81308
"2535","30013","MT",81327
"2536","55071","WI",81442
"2537","17183","IL",81625
"2538","42033","PA",81642
"2539","48361","TX",81837
"2540","36019","NY",82128
"2541","01121","AL",82291
"2542","41033","OR",82713
"2543","18067","IN",82752
"2544","01083","AL",82782
"2545","16005","ID",82839
"2546","44005","RI",82888
"2547","28081","MS",82910
"2548","21151","KY",82916
"2549","37027","NC",83029
"2550","22097","LA",83384
"2551","01115","AL",83593
"2552","26111","MI",83629
"2553","55055","WI",83686
"2554","13297","GA",83768
"2555","55109","WI",84345
"2556","51800","VA",84585
"2557","13247","GA",85215
"2558","41003","OR",85579
"2559","39119","OH",86074
"2560","48231","TX",86129
"2561","55089","WI",86395
"2562","48005","TX",86771
"2563","48469","TX",86793
"2564","40131","OK",86905
"2565","54107","WV",86956
"2566","26055","MI",86986
"2567","06045","CA",87841
"2568","37125","NC",88247
"2569","26087","MI",88319
"2570","27141","MN",88499
"2571","24009","MD",88737
"2572","55027","WI",88759
"2573","42039","PA",88765
"2574","36015","NY",88830
"2575","42063","PA",88880
"2576","02170","AK",88995
"2577","72097","PR",89080
"2578","33009","NH",89118
"2579","53025","WA",89120
"2580","29021","MO",89201
"2581","29165","MO",89322
"2582","30031","MT",89513
"2583","19169","IA",89542
"2584","72137","PR",89609
"2585","47155","TN",89889
"2586","21037","KY",90336
"2587","37023","NC",90912
"2588","30029","MT",90928
"2589","27019","MN",91042
"2590","42073","PA",91108
"2591","56021","WY",91738
"2592","51161","VA",92376
"2593","45075","SC",92501
"2594","48037","TX",92565
"2595","39157","OH",92582
"2596","01077","AL",92709
"2597","01095","AL",93019
"2598","19155","IA",93158
"2599","39055","OH",93389
"2600","12119","FL",93420
"2601","37157","NC",93643
"2602","19061","IA",93653
"2603","36117","NY",93772
"2604","51121","VA",94392
"2605","42097","PA",94528
"2606","13095","GA",94565
"2607","06101","CA",94737
"2608","28089","MS",95203
"2609","51740","VA",95535
"2610","12035","FL",95696
"2611","37127","NC",95840
"2612","05051","AR",96024
"2613","54061","WV",96189
"2614","13115","GA",96317
"2615","22057","LA",96318
"2616","54011","WV",96319
"2617","72013","PR",96440
"2618","05031","AR",96443
"2619","21059","KY",96656
"2620","51770","VA",97032
"2621","34009","NJ",97265
"2622","02090","AK",97581
"2623","72061","PR",97924
"2624","37045","NC",98078
"2625","47113","TN",98294
"2626","24045","MD",98733
"2627","55035","WI",98736
"2628","06057","CA",98764
"2629","12055","FL",98786
"2630","47011","TN",98963
"2631","51003","VA",98970
"2632","36101","NY",98990
"2633","41071","OR",99193
"2634","29037","MO",99478
"2635","36079","NY",99710
"2636","51085","VA",99863
"2637","26091","MI",99892
"2638","13217","GA",99958
"2639","13015","GA",100157
"2640","46103","SD",100948
"2641","24015","MD",101108
"2642","42001","PA",101407
"2643","29071","MO",101492
"2644","39007","OH",101497
"2645","01069","AL",101547
"2646","36109","NY",101564
"2647","55039","WI",101633
"2648","19193","IA",102172
"2649","55127","WI",102228
"2650","53015","WA",102410
"2651","39109","OH",102506
"2652","13313","GA",102599
"2653","48257","TX",103350
"2654","37049","NC",103505
"2655","54003","WV",104169
"2656","16019","ID",104234
"2657","01055","AL",104430
"2658","24037","MD",105151
"2659","17037","IL",105160
"2660","21093","KY",105543
"2661","39003","OH",106331
"2662","13113","GA",106567
"2663","37089","NC",106740
"2664","05125","AR",107118
"2665","22005","LA",107215
"2666","37019","NC",107431
"2667","04017","AZ",107449
"2668","45085","SC",107456
"2669","41019","OR",107667
"2670","23001","ME",107702
"2671","26045","MI",107759
"2672","26017","MI",107771
"2673","39029","OH",107841
"2674","18167","IN",107848
"2675","36069","NY",107931
"2676","48091","TX",108472
"2677","34041","NJ",108692
"2678","13185","GA",109233
"2679","30063","MT",109299
"2680","48451","TX",110224
"2681","18019","IN",110232
"2682","13045","GA",110527
"2683","17115","IL",110768
"2684","20045","KS",110826
"2685","26005","MI",111408
"2686","18091","IN",111467
"2687","22109","LA",111860
"2688","36089","NY",111944
"2689","49005","UT",112656
"2690","05045","AR",113237
"2691","17091","IL",113449
"2692","21227","KY",113792
"2693","17099","IL",113924
"2694","47189","TN",113993
"2695","39169","OH",114520
"2696","55063","WI",114638
"2697","37085","NC",114678
"2698","17093","IL",114736
"2699","55117","WI",115507
"2700","40017","OK",115541
"2701","42081","PA",116111
"2702","36045","NY",116229
"2703","42085","PA",116638
"2704","41043","OR",116672
"2705","13059","GA",116714
"2706","53057","WA",116901
"2707","48367","TX",116927
"2708","22015","LA",116979
"2709","29097","MO",117404
"2710","18035","IN",117671
"2711","09015","CT",118428
"2712","01015","AL",118572
"2713","21015","KY",118811
"2714","45077","SC",119224
"2715","01103","AL",119490
"2716","48381","TX",120725
"2717","48181","TX",120877
"2718","48375","TX",121073
"2719","22105","LA",121097
"2720","48183","TX",121730
"2721","36075","NY",122109
"2722","23011","ME",122151
"2723","51177","VA",122397
"2724","37191","NC",122623
"2725","47179","TN",122979
"2726","47009","TN",123010
"2727","33017","NH",123143
"2728","13073","GA",124053
"2729","40031","OK",124098
"2730","39139","OH",124475
"2731","27171","MN",124700
"2732","39173","OH",125488
"2733","05131","AR",125744
"2734","44009","RI",126979
"2735","42013","PA",127089
"2736","13077","GA",127317
"2737","22063","LA",128026
"2738","34019","NJ",128349
"2739","51179","VA",128961
"2740","27139","MN",129928
"2741","35045","NM",130044
"2742","19103","IA",130882
"2743","19013","IA",131090
"2744","25003","MA",131219
"2745","04003","AZ",131346
"2746","48485","TX",131500
"2747","48441","TX",131506
"2748","48187","TX",131533
"2749","35043","NM",131561
"2750","22079","LA",131613
"2751","18095","IN",131636
"2752","55131","WI",131887
"2753","13097","GA",132403
"2754","42075","PA",133568
"2755","37135","NC",133801
"2756","55073","WI",134063
"2757","37155","NC",134168
"2758","04005","AZ",134421
"2759","06023","CA",134623
"2760","36013","NY",134905
"2761","17179","IL",135394
"2762","26025","MI",136146
"2763","06055","CA",136484
"2764","45035","SC",136555
"2765","42051","PA",136606
"2766","48329","TX",136872
"2767","45041","SC",136885
"2768","48135","TX",137130
"2769","51650","VA",137436
"2770","18105","IN",137974
"2771","12061","FL",138028
"2772","49053","UT",138115
"2773","39023","OH",138333
"2774","37159","NC",138428
"2775","16055","ID",138494
"2776","18081","IN",139654
"2777","28059","MS",139668
"2778","13153","GA",139900
"2779","51510","VA",139966
"2780","01081","AL",140247
"2781","12017","FL",141236
"2782","28121","MS",141617
"2783","37151","NC",141752
"2784","13223","GA",142324
"2785","72025","PR",142893
"2786","42021","PA",143679
"2787","35049","NM",144170
"2788","27109","MN",144248
"2789","18063","IN",145448
"2790","39045","OH",146156
"2791","12085","FL",146318
"2792","33013","NH",146445
"2793","24017","MD",146551
"2794","08077","CO",146723
"2795","24043","MD",147430
"2796","17161","IL",147546
"2797","30111","MT",147972
"2798","42107","PA",148289
"2799","34037","NJ",149265
"2800","48139","TX",149610
"2801","42055","PA",149618
"2802","38017","ND",149778
"2803","27145","MN",150642
"2804","06039","CA",150865
"2805","48251","TX",150934
"2806","37001","NC",151131
"2807","12113","FL",151372
"2808","26115","MI",152021
"2809","09013","CT",152691
"2810","06031","CA",152982
"2811","22073","LA",153720
"2812","23019","ME",153923
"2813","42027","PA",153990
"2814","37035","NC",154358
"2815","36093","NY",154727
"2816","15009","HI",154834
"2817","13021","GA",155547
"2818","50007","VT",156545
"2819","26021","MI",156813
"2820","47163","TN",156823
"2821","34011","NJ",156898
"2822","48209","TX",157107
"2823","20209","KS",157505
"2824","41017","OR",157733
"2825","25015","MA",158080
"2826","31153","NE",158840
"2827","08101","CO",159063
"2828","36083","NY",159429
"2829","37097","NC",159437
"2830","21117","KY",159720
"2831","12015","FL",159978
"2832","45003","SC",160099
"2833","26075","MI",160248
"2834","55105","WI",160331
"2835","47165","TN",160645
"2836","28033","MS",161252
"2837","39133","OH",161419
"2838","39057","OH",161573
"2839","45013","SC",162233
"2840","10001","DE",162310
"2841","29019","MO",162642
"2842","37057","NC",162878
"2843","26147","MI",163040
"2844","18127","IN",164343
"2845","19163","IA",165224
"2846","09007","CT",165676
"2847","44003","RI",166158
"2848","72113","PR",166327
"2849","55059","WI",166426
"2850","39089","OH",166492
"2851","55139","WI",166994
"2852","24013","MD",167134
"2853","37147","NC",168148
"2854","12005","FL",168852
"2855","37101","NC",168878
"2856","46099","SD",169468
"2857","17113","IL",169572
"2858","42089","PA",169842
"2859","42007","PA",170539
"2860","26121","MI",172188
"2861","47125","TN",172331
"2862","39103","OH",172332
"2863","12053","FL",172778
"2864","18157","IN",172780
"2865","39041","OH",174214
"2866","06025","CA",174528
"2867","53005","WA",175177
"2868","13117","GA",175511
"2869","55087","WI",176695
"2870","72031","PR",176762
"2871","06089","CA",177223
"2872","37133","NC",177772
"2873","45015","SC",177843
"2874","20177","KS",177934
"2875","37025","NC",178011
"2876","13139","GA",179684
"2877","18163","IN",179703
"2878","51700","VA",180719
"2879","12091","FL",180822
"2880","26093","MI",180967
"2881","06017","CA",181058
"2882","01003","AL",182265
"2883","36111","NY",182493
"2884","47187","TN",183182
"2885","42019","PA",183862
"2886","15001","HI",185079
"2887","17143","IL",186494
"2888","28047","MS",187105
"2889","45007","SC",187126
"2890","16027","ID",188923
"2891","13215","GA",189885
"2892","09005","CT",189927
"2893","12109","FL",190039
"2894","12019","FL",190865
"2895","22019","LA",192768
"2896","54039","WV",193063
"2897","01125","AL",194656
"2898","48041","TX",194851
"2899","01117","AL",195085
"2900","55101","WI",195408
"2901","04027","AZ",195751
"2902","23031","ME",197131
"2903","10005","DE",197145
"2904","39025","OH",197363
"2905","17167","IL",197465
"2906","18039","IN",197559
"2907","26145","MI",200169
"2908","04015","AZ",200186
"2909","27137","MN",200226
"2910","13245","GA",200549
"2911","36007","NY",200600
"2912","06113","CA",200849
"2913","17019","IL",201081
"2914","53073","WA",201140
"2915","37179","NC",201292
"2916","37129","NC",202667
"2917","05143","AR",203065
"2918","41029","OR",203206
"2919","13151","GA",203922
"2920","51760","VA",204214
"2921","37071","NC",206086
"2922","51013","VA",207627
"2923","42125","PA",207820
"2924","72021","PR",208116
"2925","35013","NM",209233
"2926","48423","TX",209714
"2927","39155","OH",210312
"2928","04025","AZ",211033
"2929","19113","IA",211226
"2930","39165","OH",212693
"2931","13057","GA",214346
"2932","42069","PA",214437
"2933","25001","MA",215888
"2934","36063","NY",216469
"2935","29099","MO",218733
"2936","36091","NY",219607
"2937","06007","CA",220000
"2938","05007","AR",221339
"2939","22055","LA",221578
"2940","29047","MO",221939
"2941","51550","VA",222209
"2942","45091","SC",226073
"2943","01101","AL",229363
"2944","39085","OH",230041
"2945","49057","UT",231236
"2946","24021","MD",233385
"2947","22103","LA",233740
"2948","36065","NY",234878
"2949","48309","TX",234906
"2950","42041","PA",235406
"2951","27163","MN",238136
"2952","37021","NC",238318
"2953","39099","OH",238823
"2954","51710","VA",242803
"2955","53077","WA",243231
"2956","24025","MD",244826
"2957","28049","MS",245285
"2958","12001","FL",247336
"2959","55009","WI",248007
"2960","48479","TX",250304
"2961","26077","MI",250331
"2962","53035","WA",251133
"2963","53067","WA",252264
"2964","48245","TX",252273
"2965","06041","CA",252409
"2966","08123","CO",252825
"2967","22017","LA",254969
"2968","40027","OK",255755
"2969","06047","CA",255793
"2970","13063","GA",259424
"2971","06087","CA",262382
"2972","45063","SC",262391
"2973","47149","TN",262604
"2974","26139","MI",263801
"2975","13051","GA",265128
"2976","18141","IN",266931
"2977","37063","NC",267587
"2978","42043","PA",268100
"2979","12097","FL",268685
"2980","17119","IL",269282
"2981","45051","SC",269291
"2982","06079","CA",269637
"2983","17163","IL",270056
"2984","09011","CT",274055
"2985","34001","NJ",274549
"2986","18057","IN",274569
"2987","29077","MO",275174
"2988","12073","FL",275487
"2989","12111","FL",277789
"2990","48303","TX",278831
"2991","42049","PA",280566
"2992","26065","MI",280895
"2993","23005","ME",281674
"2994","45083","SC",284307
"2995","31109","NE",285407
"2996","08035","CO",285465
"2997","24027","MD",287085
"2998","34015","NJ",288288
"2999","48167","TX",291309
"3000","02020","AK",291826
"3001","08013","CO",294567
"3002","33015","NH",295223
"3003","17201","IL",295266
"3004","21067","KY",295803
"3005","12069","FL",297052
"3006","36027","NY",297488
"3007","12033","FL",297619
"3008","42095","PA",297735
"3009","08069","CO",299630
"3010","39093","OH",301356
"3011","36001","NY",304204
"3012","49011","UT",306479
"3013","51087","VA",306935
"3014","17111","IL",308760
"3015","48027","TX",310235
"3016","36087","NY",311687
"3017","51107","VA",312311
"3018","48039","TX",313166
"3019","41047","OR",315335
"3020","51041","VA",316236
"3021","29510","MO",319294
"3022","37051","NC",319431
"3023","42079","PA",320918
"3024","12021","FL",321520
"3025","12081","FL",322833
"3026","34035","NJ",323444
"3027","27003","MN",330844
"3028","12083","FL",331298
"3029","01089","AL",334811
"3030","47065","TN",336463
"3031","48355","TX",340223
"3032","22071","LA",343829
"3033","26161","MI",344791
"3034","06061","CA",348432
"3035","42077","PA",349497
"3036","45019","SC",350209
"3037","37067","NC",350670
"3038","41039","OR",351715
"3039","18003","IN",355329
"3040","29183","MO",360485
"3041","42129","PA",365169
"3042","34021","NJ",366513
"3043","39017","OH",368130
"3044","36071","NY",372813
"3045","39151","OH",375586
"3046","04021","AZ",375770
"3047","41005","OR",375992
"3048","12115","FL",379448
"3049","05119","AR",382748
"3050","45079","SC",384504
"3051","55133","WI",389891
"3052","16001","ID",392365
"3053","72127","PR",395326
"3054","27037","MN",398552
"3055","33011","NH",400721
"3056","51153","VA",402002
"3057","48061","TX",406220
"3058","42011","PA",411442
"3059","01097","AL",412992
"3060","06095","CA",413344
"3061","06053","CA",415057
"3062","32031","NV",421407
"3063","48491","TX",422679
"3064","12117","FL",422718
"3065","06083","CA",423895
"3066","53011","WA",425363
"3067","26049","MI",425790
"3068","19153","IA",430640
"3069","47093","TN",432226
"3070","22051","LA",432552
"3071","42133","PA",434972
"3072","51810","VA",437994
"3073","22033","LA",440171
"3074","08001","CO",441603
"3075","39095","OH",441815
"3076","06107","CA",442179
"3077","34005","NJ",448734
"3078","45045","SC",451225
"3079","48339","TX",455746
"3080","25013","MA",463490
"3081","12101","FL",464697
"3082","36067","NY",467026
"3083","36085","NY",468730
"3084","53063","WA",471221
"3085","06097","CA",483878
"3086","55025","WI",488073
"3087","37081","NC",488406
"3088","34027","NJ",492276
"3089","12127","FL",494593
"3090","25023","MA",494919
"3091","18089","IN",496005
"3092","20173","KS",498365
"3093","42029","PA",498886
"3094","34031","NJ",501226
"3095","27123","MN",508640
"3096","34007","NJ",513657
"3097","06099","CA",514453
"3098","17089","IL",515269
"3099","49049","UT",516564
"3100","31055","NE",517110
"3101","42071","PA",519445
"3102","41067","OR",529710
"3103","08059","CO",534543
"3104","39113","OH",535153
"3105","34039","NJ",536499
"3106","24003","MD",537656
"3107","10003","DE",538479
"3108","39153","OH",541781
"3109","12009","FL",543376
"3110","20091","KS",544179
"3111","25005","MA",548285
"3112","42045","PA",558979
"3113","08005","CO",572003
"3114","34029","NJ",576567
"3115","48157","TX",585375
"3116","08031","CO",600158
"3117","11001","DC",601723
"3118","12105","FL",602095
"3119","26081","MI",602622
"3120","40143","OK",603403
"3121","12071","FL",618754
"3122","24510","MD",620961
"3123","08041","CO",622263
"3124","42017","PA",625249
"3125","44007","RI",626667
"3126","47037","TN",626681
"3127","34025","NJ",630380
"3128","34017","NJ",634266
"3129","01073","AL",658466
"3130","35001","NM",662564
"3131","48121","TX",662614
"3132","25021","MA",670850
"3133","29095","MO",674158
"3134","17197","IL",677560
"3135","06077","CA",685306
"3136","13067","GA",688078
"3137","13089","GA",691893
"3138","17097","IL",703462
"3139","53061","WA",713335
"3140","06081","CA",718451
"3141","40109","OK",718633
"3142","25025","MA",722023
"3143","41051","OR",735334
"3144","21111","KY",741096
"3145","25009","MA",743159
"3146","36055","NY",744344
"3147","48215","TX",774769
"3148","48085","TX",782341
"3149","34013","NJ",783969
"3150","53053","WA",795225
"3151","25027","MA",798552
"3152","42091","PA",799874
"3153","48141","TX",800647
"3154","39061","OH",802374
"3155","24005","MD",805029
"3156","06075","CA",805235
"3157","13135","GA",805321
"3158","34023","NJ",809858
"3159","06111","CA",823318
"3160","06029","CA",839631
"3161","26099","MI",840978
"3162","09009","CT",862477
"3163","24033","MD",863420
"3164","12031","FL",864263
"3165","09003","CT",894014
"3166","37183","NC",900993
"3167","18097","IN",903393
"3168","34003","NJ",905116
"3169","12103","FL",916542
"3170","09001","CT",916829
"3171","17043","IL",916924
"3172","36029","NY",919040
"3173","37119","NC",919628
"3174","13121","GA",920581
"3175","47157","TN",927644
"3176","06019","CA",930450
"3177","55079","WI",947735
"3178","36119","NY",949113
"3179","15003","HI",953207
"3180","24031","MD",971777
"3181","04019","AZ",980263
"3182","29189","MO",998954
"3183","48453","TX",1024266
"3184","49035","UT",1029655
"3185","06013","CA",1049025
"3186","51059","VA",1081726
"3187","12095","FL",1145956
"3188","27053","MN",1152425
"3189","39049","OH",1163414
"3190","26125","MI",1202362
"3191","42003","PA",1223348
"3192","12057","FL",1229226
"3193","39035","OH",1280122
"3194","12099","FL",1320134
"3195","36059","NY",1339532
"3196","36005","NY",1385108
"3197","06067","CA",1418788
"3198","36103","NY",1493350
"3199","25017","MA",1503085
"3200","06001","CA",1510271
"3201","42101","PA",1526006
"3202","36061","NY",1585873
"3203","48029","TX",1714773
"3204","12011","FL",1748066
"3205","06085","CA",1781642
"3206","48439","TX",1809034
"3207","26163","MI",1820584
"3208","53033","WA",1931249
"3209","32003","NV",1951269
"3210","06071","CA",2035210
"3211","06065","CA",2189641
"3212","36081","NY",2230722
"3213","48113","TX",2368139
"3214","12086","FL",2496435
"3215","36047","NY",2504700
"3216","06059","CA",3010232
"3217","06073","CA",3095313
"3218","04013","AZ",3817117
"3219","48201","TX",4092459
"3220","17031","IL",5194675
"3221","06037","CA",9818605
