"","geoid","pop2010"
"1","01001",54571
"2","01003",182265
"3","01005",27457
"4","01007",22915
"5","01009",57322
"6","01011",10914
"7","01013",20947
"8","01015",118572
"9","01017",34215
"10","01019",25989
"11","01021",43643
"12","01023",13859
"13","01025",25833
"14","01027",13932
"15","01029",14972
"16","01031",49948
"17","01033",54428
"18","01035",13228
"19","01037",11539
"20","01039",37765
"21","01041",13906
"22","01043",80406
"23","01045",50251
"24","01047",43820
"25","01049",71109
"26","01051",79303
"27","01053",38319
"28","01055",104430
"29","01057",17241
"30","01059",31704
"31","01061",26790
"32","01063",9045
"33","01065",15760
"34","01067",17302
"35","01069",101547
"36","01071",53227
"37","01073",658466
"38","01075",14564
"39","01077",92709
"40","01079",34339
"41","01081",140247
"42","01083",82782
"43","01085",11299
"44","01087",21452
"45","01089",334811
"46","01091",21027
"47","01093",30776
"48","01095",93019
"49","01097",412992
"50","01099",23068
"51","01101",229363
"52","01103",119490
"53","01105",10591
"54","01107",19746
"55","01109",32899
"56","01111",22913
"57","01113",52947
"58","01115",83593
"59","01117",195085
"60","01119",13763
"61","01121",82291
"62","01123",41616
"63","01125",194656
"64","01127",67023
"65","01129",17581
"66","01131",11670
"67","01133",24484
"68","02013",3141
"69","02016",5561
"70","02020",291826
"71","02050",17013
"72","02060",997
"73","02068",1826
"74","02070",4847
"75","02090",97581
"76","02100",2508
"77","02105",2150
"78","02110",31275
"79","02122",55400
"80","02130",13477
"81","02150",13592
"82","02164",1631
"83","02170",88995
"84","02180",9492
"85","02185",9430
"86","02188",7523
"87","02195",3815
"88","02198",5559
"89","02220",8881
"90","02230",968
"91","02240",7029
"92","02261",9636
"93","02270",7459
"94","02275",2369
"95","02282",662
"96","02290",5588
"97","04001",71518
"98","04003",131346
"99","04005",134421
"100","04007",53597
"101","04009",37220
"102","04011",8437
"103","04012",20489
"104","04013",3817117
"105","04015",200186
"106","04017",107449
"107","04019",980263
"108","04021",375770
"109","04023",47420
"110","04025",211033
"111","04027",195751
"112","05001",19019
"113","05003",21853
"114","05005",41513
"115","05007",221339
"116","05009",36903
"117","05011",11508
"118","05013",5368
"119","05015",27446
"120","05017",11800
"121","05019",22995
"122","05021",16083
"123","05023",25970
"124","05025",8689
"125","05027",24552
"126","05029",21273
"127","05031",96443
"128","05033",61948
"129","05035",50902
"130","05037",17870
"131","05039",8116
"132","05041",13008
"133","05043",18509
"134","05045",113237
"135","05047",18125
"136","05049",12245
"137","05051",96024
"138","05053",17853
"139","05055",42090
"140","05057",22609
"141","05059",32923
"142","05061",13789
"143","05063",36647
"144","05065",13696
"145","05067",17997
"146","05069",77435
"147","05071",25540
"148","05073",7645
"149","05075",17415
"150","05077",10424
"151","05079",14134
"152","05081",13171
"153","05083",22353
"154","05085",68356
"155","05087",15717
"156","05089",16653
"157","05091",43462
"158","05093",46480
"159","05095",8149
"160","05097",9487
"161","05099",8997
"162","05101",8330
"163","05103",26120
"164","05105",10445
"165","05107",21757
"166","05109",11291
"167","05111",24583
"168","05113",20662
"169","05115",61754
"170","05117",8715
"171","05119",382748
"172","05121",17969
"173","05123",28258
"174","05125",107118
"175","05127",11233
"176","05129",8195
"177","05131",125744
"178","05133",17058
"179","05135",17264
"180","05137",12394
"181","05139",41639
"182","05141",17295
"183","05143",203065
"184","05145",77076
"185","05147",7260
"186","05149",22185
"187","06001",1510271
"188","06003",1175
"189","06005",38091
"190","06007",220000
"191","06009",45578
"192","06011",21419
"193","06013",1049025
"194","06015",28610
"195","06017",181058
"196","06019",930450
"197","06021",28122
"198","06023",134623
"199","06025",174528
"200","06027",18546
"201","06029",839631
"202","06031",152982
"203","06033",64665
"204","06035",34895
"205","06037",9818605
"206","06039",150865
"207","06041",252409
"208","06043",18251
"209","06045",87841
"210","06047",255793
"211","06049",9686
"212","06051",14202
"213","06053",415057
"214","06055",136484
"215","06057",98764
"216","06059",3010232
"217","06061",348432
"218","06063",20007
"219","06065",2189641
"220","06067",1418788
"221","06069",55269
"222","06071",2035210
"223","06073",3095313
"224","06075",805235
"225","06077",685306
"226","06079",269637
"227","06081",718451
"228","06083",423895
"229","06085",1781642
"230","06087",262382
"231","06089",177223
"232","06091",3240
"233","06093",44900
"234","06095",413344
"235","06097",483878
"236","06099",514453
"237","06101",94737
"238","06103",63463
"239","06105",13786
"240","06107",442179
"241","06109",55365
"242","06111",823318
"243","06113",200849
"244","06115",72155
"245","08001",441603
"246","08003",15445
"247","08005",572003
"248","08007",12084
"249","08009",3788
"250","08011",6499
"251","08013",294567
"252","08014",55889
"253","08015",17809
"254","08017",1836
"255","08019",9088
"256","08021",8256
"257","08023",3524
"258","08025",5823
"259","08027",4255
"260","08029",30952
"261","08031",600158
"262","08033",2064
"263","08035",285465
"264","08037",52197
"265","08039",23086
"266","08041",622263
"267","08043",46824
"268","08045",56389
"269","08047",5441
"270","08049",14843
"271","08051",15324
"272","08053",843
"273","08055",6711
"274","08057",1394
"275","08059",534543
"276","08061",1398
"277","08063",8270
"278","08065",7310
"279","08067",51334
"280","08069",299630
"281","08071",15507
"282","08073",5467
"283","08075",22709
"284","08077",146723
"285","08079",712
"286","08081",13795
"287","08083",25535
"288","08085",41276
"289","08087",28159
"290","08089",18831
"291","08091",4436
"292","08093",16206
"293","08095",4442
"294","08097",17148
"295","08099",12551
"296","08101",159063
"297","08103",6666
"298","08105",11982
"299","08107",23509
"300","08109",6108
"301","08111",699
"302","08113",7359
"303","08115",2379
"304","08117",27994
"305","08119",23350
"306","08121",4814
"307","08123",252825
"308","08125",10043
"309","09001",916829
"310","09003",894014
"311","09005",189927
"312","09007",165676
"313","09009",862477
"314","09011",274055
"315","09013",152691
"316","09015",118428
"317","10001",162310
"318","10003",538479
"319","10005",197145
"320","11001",601723
"321","12001",247336
"322","12003",27115
"323","12005",168852
"324","12007",28520
"325","12009",543376
"326","12011",1748066
"327","12013",14625
"328","12015",159978
"329","12017",141236
"330","12019",190865
"331","12021",321520
"332","12023",67531
"333","12027",34862
"334","12029",16422
"335","12031",864263
"336","12033",297619
"337","12035",95696
"338","12037",11549
"339","12039",46389
"340","12041",16939
"341","12043",12884
"342","12045",15863
"343","12047",14799
"344","12049",27731
"345","12051",39140
"346","12053",172778
"347","12055",98786
"348","12057",1229226
"349","12059",19927
"350","12061",138028
"351","12063",49746
"352","12065",14761
"353","12067",8870
"354","12069",297052
"355","12071",618754
"356","12073",275487
"357","12075",40801
"358","12077",8365
"359","12079",19224
"360","12081",322833
"361","12083",331298
"362","12085",146318
"363","12086",2496435
"364","12087",73090
"365","12089",73314
"366","12091",180822
"367","12093",39996
"368","12095",1145956
"369","12097",268685
"370","12099",1320134
"371","12101",464697
"372","12103",916542
"373","12105",602095
"374","12107",74364
"375","12109",190039
"376","12111",277789
"377","12113",151372
"378","12115",379448
"379","12117",422718
"380","12119",93420
"381","12121",41551
"382","12123",22570
"383","12125",15535
"384","12127",494593
"385","12129",30776
"386","12131",55043
"387","12133",24896
"388","13001",18236
"389","13003",8375
"390","13005",11096
"391","13007",3451
"392","13009",45720
"393","13011",18395
"394","13013",69367
"395","13015",100157
"396","13017",17634
"397","13019",19286
"398","13021",155547
"399","13023",13063
"400","13025",18411
"401","13027",16243
"402","13029",30233
"403","13031",70217
"404","13033",23316
"405","13035",23655
"406","13037",6694
"407","13039",50513
"408","13043",10998
"409","13045",110527
"410","13047",63942
"411","13049",12171
"412","13051",265128
"413","13053",11267
"414","13055",26015
"415","13057",214346
"416","13059",116714
"417","13061",3183
"418","13063",259424
"419","13065",6798
"420","13067",688078
"421","13069",42356
"422","13071",45498
"423","13073",124053
"424","13075",17212
"425","13077",127317
"426","13079",12630
"427","13081",23439
"428","13083",16633
"429","13085",22330
"430","13087",27842
"431","13089",691893
"432","13091",21796
"433","13093",14918
"434","13095",94565
"435","13097",132403
"436","13099",11008
"437","13101",4034
"438","13103",52250
"439","13105",20166
"440","13107",22598
"441","13109",11000
"442","13111",23682
"443","13113",106567
"444","13115",96317
"445","13117",175511
"446","13119",22084
"447","13121",920581
"448","13123",28292
"449","13125",3082
"450","13127",79626
"451","13129",55186
"452","13131",25011
"453","13133",15994
"454","13135",805321
"455","13137",43041
"456","13139",179684
"457","13141",9429
"458","13143",28780
"459","13145",32024
"460","13147",25213
"461","13149",11834
"462","13151",203922
"463","13153",139900
"464","13155",9538
"465","13157",60485
"466","13159",13900
"467","13161",15068
"468","13163",16930
"469","13165",8340
"470","13167",9980
"471","13169",28669
"472","13171",18317
"473","13173",10078
"474","13175",48434
"475","13177",28298
"476","13179",63453
"477","13181",7996
"478","13183",14464
"479","13185",109233
"480","13187",29966
"481","13189",21875
"482","13191",14333
"483","13193",14740
"484","13195",28120
"485","13197",8742
"486","13199",21992
"487","13201",6125
"488","13205",23498
"489","13207",26424
"490","13209",9123
"491","13211",17868
"492","13213",39628
"493","13215",189885
"494","13217",99958
"495","13219",32808
"496","13221",14899
"497","13223",142324
"498","13225",27695
"499","13227",29431
"500","13229",18758
"501","13231",17869
"502","13233",41475
"503","13235",12010
"504","13237",21218
"505","13239",2513
"506","13241",16276
"507","13243",7719
"508","13245",200549
"509","13247",85215
"510","13249",5010
"511","13251",14593
"512","13253",8729
"513","13255",64073
"514","13257",26175
"515","13259",6058
"516","13261",32819
"517","13263",6865
"518","13265",1717
"519","13267",25520
"520","13269",8906
"521","13271",16500
"522","13273",9315
"523","13275",44720
"524","13277",40118
"525","13279",27223
"526","13281",10471
"527","13283",6885
"528","13285",67044
"529","13287",8930
"530","13289",9023
"531","13291",21356
"532","13293",27153
"533","13295",68756
"534","13297",83768
"535","13299",36312
"536","13301",5834
"537","13303",21187
"538","13305",30099
"539","13307",2799
"540","13309",7421
"541","13311",27144
"542","13313",102599
"543","13315",9255
"544","13317",10593
"545","13319",9563
"546","13321",21679
"547","15001",185079
"548","15003",953207
"549","15005",90
"550","15007",67091
"551","15009",154834
"552","16001",392365
"553","16003",3976
"554","16005",82839
"555","16007",5986
"556","16009",9285
"557","16011",45607
"558","16013",21376
"559","16015",7028
"560","16017",40877
"561","16019",104234
"562","16021",10972
"563","16023",2891
"564","16025",1117
"565","16027",188923
"566","16029",6963
"567","16031",22952
"568","16033",982
"569","16035",8761
"570","16037",4368
"571","16039",27038
"572","16041",12786
"573","16043",13242
"574","16045",16719
"575","16047",15464
"576","16049",16267
"577","16051",26140
"578","16053",22374
"579","16055",138494
"580","16057",37244
"581","16059",7936
"582","16061",3821
"583","16063",5208
"584","16065",37536
"585","16067",20069
"586","16069",39265
"587","16071",4286
"588","16073",11526
"589","16075",22623
"590","16077",7817
"591","16079",12765
"592","16081",10170
"593","16083",77230
"594","16085",9862
"595","16087",10198
"596","17001",67103
"597","17003",8238
"598","17005",17768
"599","17007",54165
"600","17009",6937
"601","17011",34978
"602","17013",5089
"603","17015",15387
"604","17017",13642
"605","17019",201081
"606","17021",34800
"607","17023",16335
"608","17025",13815
"609","17027",37762
"610","17029",53873
"611","17031",5194675
"612","17033",19817
"613","17035",11048
"614","17037",105160
"615","17039",16561
"616","17041",19980
"617","17043",916924
"618","17045",18576
"619","17047",6721
"620","17049",34242
"621","17051",22140
"622","17053",14081
"623","17055",39561
"624","17057",37069
"625","17059",5589
"626","17061",13886
"627","17063",50063
"628","17065",8457
"629","17067",19104
"630","17069",4320
"631","17071",7331
"632","17073",50486
"633","17075",29718
"634","17077",60218
"635","17079",9698
"636","17081",38827
"637","17083",22985
"638","17085",22678
"639","17087",12582
"640","17089",515269
"641","17091",113449
"642","17093",114736
"643","17095",52919
"644","17097",703462
"645","17099",113924
"646","17101",16833
"647","17103",36031
"648","17105",38950
"649","17107",30305
"650","17109",32612
"651","17111",308760
"652","17113",169572
"653","17115",110768
"654","17117",47765
"655","17119",269282
"656","17121",39437
"657","17123",12640
"658","17125",14666
"659","17127",15429
"660","17129",12705
"661","17131",16434
"662","17133",32957
"663","17135",30104
"664","17137",35547
"665","17139",14846
"666","17141",53497
"667","17143",186494
"668","17145",22350
"669","17147",16729
"670","17149",16430
"671","17151",4470
"672","17153",6161
"673","17155",6006
"674","17157",33476
"675","17159",16233
"676","17161",147546
"677","17163",270056
"678","17165",24913
"679","17167",197465
"680","17169",7544
"681","17171",5355
"682","17173",22363
"683","17175",5994
"684","17177",47711
"685","17179",135394
"686","17181",17808
"687","17183",81625
"688","17185",11947
"689","17187",17707
"690","17189",14716
"691","17191",16760
"692","17193",14665
"693","17195",58498
"694","17197",677560
"695","17199",66357
"696","17201",295266
"697","17203",38664
"698","18001",34387
"699","18003",355329
"700","18005",76794
"701","18007",8854
"702","18009",12766
"703","18011",56640
"704","18013",15242
"705","18015",20155
"706","18017",38966
"707","18019",110232
"708","18021",26890
"709","18023",33224
"710","18025",10713
"711","18027",31648
"712","18029",50047
"713","18031",25740
"714","18033",42223
"715","18035",117671
"716","18037",41889
"717","18039",197559
"718","18041",24277
"719","18043",74578
"720","18045",17240
"721","18047",23087
"722","18049",20836
"723","18051",33503
"724","18053",70061
"725","18055",33165
"726","18057",274569
"727","18059",70002
"728","18061",39364
"729","18063",145448
"730","18065",49462
"731","18067",82752
"732","18069",37124
"733","18071",42376
"734","18073",33478
"735","18075",21253
"736","18077",32428
"737","18079",28525
"738","18081",139654
"739","18083",38440
"740","18085",77358
"741","18087",37128
"742","18089",496005
"743","18091",111467
"744","18093",46134
"745","18095",131636
"746","18097",903393
"747","18099",47051
"748","18101",10334
"749","18103",36903
"750","18105",137974
"751","18107",38124
"752","18109",68894
"753","18111",14244
"754","18113",47536
"755","18115",6128
"756","18117",19840
"757","18119",21575
"758","18121",17339
"759","18123",19338
"760","18125",12845
"761","18127",164343
"762","18129",25910
"763","18131",13402
"764","18133",37963
"765","18135",26171
"766","18137",28818
"767","18139",17392
"768","18141",266931
"769","18143",24181
"770","18145",44436
"771","18147",20952
"772","18149",23363
"773","18151",34185
"774","18153",21475
"775","18155",10613
"776","18157",172780
"777","18159",15936
"778","18161",7516
"779","18163",179703
"780","18165",16212
"781","18167",107848
"782","18169",32888
"783","18171",8508
"784","18173",59689
"785","18175",28262
"786","18177",68917
"787","18179",27636
"788","18181",24643
"789","18183",33292
"790","19001",7682
"791","19003",4029
"792","19005",14330
"793","19007",12887
"794","19009",6119
"795","19011",26076
"796","19013",131090
"797","19015",26306
"798","19017",24276
"799","19019",20958
"800","19021",20260
"801","19023",14867
"802","19025",9670
"803","19027",20816
"804","19029",13956
"805","19031",18499
"806","19033",44151
"807","19035",12072
"808","19037",12439
"809","19039",9286
"810","19041",16667
"811","19043",18129
"812","19045",49116
"813","19047",17096
"814","19049",66135
"815","19051",8753
"816","19053",8457
"817","19055",17764
"818","19057",40325
"819","19059",16667
"820","19061",93653
"821","19063",10302
"822","19065",20880
"823","19067",16303
"824","19069",10680
"825","19071",7441
"826","19073",9336
"827","19075",12453
"828","19077",10954
"829","19079",15673
"830","19081",11341
"831","19083",17534
"832","19085",14928
"833","19087",20145
"834","19089",9566
"835","19091",9815
"836","19093",7089
"837","19095",16355
"838","19097",19848
"839","19099",36842
"840","19101",16843
"841","19103",130882
"842","19105",20638
"843","19107",10511
"844","19109",15543
"845","19111",35862
"846","19113",211226
"847","19115",11387
"848","19117",8898
"849","19119",11581
"850","19121",15679
"851","19123",22381
"852","19125",33309
"853","19127",40648
"854","19129",15059
"855","19131",10776
"856","19133",9243
"857","19135",7970
"858","19137",10740
"859","19139",42745
"860","19141",14398
"861","19143",6462
"862","19145",15932
"863","19147",9421
"864","19149",24986
"865","19151",7310
"866","19153",430640
"867","19155",93158
"868","19157",18914
"869","19159",5131
"870","19161",10350
"871","19163",165224
"872","19165",12167
"873","19167",33704
"874","19169",89542
"875","19171",17767
"876","19173",6317
"877","19175",12534
"878","19177",7570
"879","19179",35625
"880","19181",46225
"881","19183",21704
"882","19185",6403
"883","19187",38013
"884","19189",10866
"885","19191",21056
"886","19193",102172
"887","19195",7598
"888","19197",13229
"889","20001",13371
"890","20003",8102
"891","20005",16924
"892","20007",4861
"893","20009",27674
"894","20011",15173
"895","20013",9984
"896","20015",65880
"897","20017",2790
"898","20019",3669
"899","20021",21603
"900","20023",2726
"901","20025",2215
"902","20027",8535
"903","20029",9533
"904","20031",8601
"905","20033",1891
"906","20035",36311
"907","20037",39134
"908","20039",2961
"909","20041",19754
"910","20043",7945
"911","20045",110826
"912","20047",3037
"913","20049",2882
"914","20051",28452
"915","20053",6497
"916","20055",36776
"917","20057",33848
"918","20059",25992
"919","20061",34362
"920","20063",2695
"921","20065",2597
"922","20067",7829
"923","20069",6006
"924","20071",1247
"925","20073",6689
"926","20075",2690
"927","20077",6034
"928","20079",34684
"929","20081",4256
"930","20083",1916
"931","20085",13462
"932","20087",19126
"933","20089",3077
"934","20091",544179
"935","20093",3977
"936","20095",7858
"937","20097",2553
"938","20099",21607
"939","20101",1750
"940","20103",76227
"941","20105",3241
"942","20107",9656
"943","20109",2756
"944","20111",33690
"945","20113",29180
"946","20115",12660
"947","20117",10117
"948","20119",4575
"949","20121",32787
"950","20123",6373
"951","20125",35471
"952","20127",5923
"953","20129",3233
"954","20131",10178
"955","20133",16512
"956","20135",3107
"957","20137",5671
"958","20139",16295
"959","20141",3858
"960","20143",6091
"961","20145",6973
"962","20147",5642
"963","20149",21604
"964","20151",9656
"965","20153",2519
"966","20155",64511
"967","20157",4980
"968","20159",10083
"969","20161",71115
"970","20163",5181
"971","20165",3307
"972","20167",6970
"973","20169",55606
"974","20171",4936
"975","20173",498365
"976","20175",22952
"977","20177",177934
"978","20179",2556
"979","20181",6010
"980","20183",3853
"981","20185",4437
"982","20187",2235
"983","20189",5724
"984","20191",24132
"985","20193",7900
"986","20195",3001
"987","20197",7053
"988","20199",1485
"989","20201",5799
"990","20203",2234
"991","20205",9409
"992","20207",3309
"993","20209",157505
"994","21001",18656
"995","21003",19956
"996","21005",21421
"997","21007",8249
"998","21009",42173
"999","21011",11591
"1000","21013",28691
"1001","21015",118811
"1002","21017",19985
"1003","21019",49542
"1004","21021",28432
"1005","21023",8488
"1006","21025",13878
"1007","21027",20059
"1008","21029",74319
"1009","21031",12690
"1010","21033",12984
"1011","21035",37191
"1012","21037",90336
"1013","21039",5104
"1014","21041",10811
"1015","21043",27720
"1016","21045",15955
"1017","21047",73955
"1018","21049",35613
"1019","21051",21730
"1020","21053",10272
"1021","21055",9315
"1022","21057",6856
"1023","21059",96656
"1024","21061",12161
"1025","21063",7852
"1026","21065",14672
"1027","21067",295803
"1028","21069",14348
"1029","21071",39451
"1030","21073",49285
"1031","21075",6813
"1032","21077",8589
"1033","21079",16912
"1034","21081",24662
"1035","21083",37121
"1036","21085",25746
"1037","21087",11258
"1038","21089",36910
"1039","21091",8565
"1040","21093",105543
"1041","21095",29278
"1042","21097",18846
"1043","21099",18199
"1044","21101",46250
"1045","21103",15416
"1046","21105",4902
"1047","21107",46920
"1048","21109",13494
"1049","21111",741096
"1050","21113",48586
"1051","21115",23356
"1052","21117",159720
"1053","21119",16346
"1054","21121",31883
"1055","21123",14193
"1056","21125",58849
"1057","21127",15860
"1058","21129",7887
"1059","21131",11310
"1060","21133",24519
"1061","21135",13870
"1062","21137",24742
"1063","21139",9519
"1064","21141",26835
"1065","21143",8314
"1066","21145",65565
"1067","21147",18306
"1068","21149",9531
"1069","21151",82916
"1070","21153",13333
"1071","21155",19820
"1072","21157",31448
"1073","21159",12929
"1074","21161",17490
"1075","21163",28602
"1076","21165",6306
"1077","21167",21331
"1078","21169",10099
"1079","21171",10963
"1080","21173",26499
"1081","21175",13923
"1082","21177",31499
"1083","21179",43437
"1084","21181",7135
"1085","21183",23842
"1086","21185",60316
"1087","21187",10841
"1088","21189",4755
"1089","21191",14877
"1090","21193",28712
"1091","21195",65024
"1092","21197",12613
"1093","21199",63063
"1094","21201",2282
"1095","21203",17056
"1096","21205",23333
"1097","21207",17565
"1098","21209",47173
"1099","21211",42074
"1100","21213",17327
"1101","21215",17061
"1102","21217",24512
"1103","21219",12460
"1104","21221",14339
"1105","21223",8809
"1106","21225",15007
"1107","21227",113792
"1108","21229",11717
"1109","21231",20813
"1110","21233",13621
"1111","21235",35637
"1112","21237",7355
"1113","21239",24939
"1114","22001",61773
"1115","22003",25764
"1116","22005",107215
"1117","22007",23421
"1118","22009",42073
"1119","22011",35654
"1120","22013",14353
"1121","22015",116979
"1122","22017",254969
"1123","22019",192768
"1124","22021",10132
"1125","22023",6839
"1126","22025",10407
"1127","22027",17195
"1128","22029",20822
"1129","22031",26656
"1130","22033",440171
"1131","22035",7759
"1132","22037",20267
"1133","22039",33984
"1134","22041",20767
"1135","22043",22309
"1136","22045",73240
"1137","22047",33387
"1138","22049",16274
"1139","22051",432552
"1140","22053",31594
"1141","22055",221578
"1142","22057",96318
"1143","22059",14890
"1144","22061",46735
"1145","22063",128026
"1146","22065",12093
"1147","22067",27979
"1148","22069",39566
"1149","22071",343829
"1150","22073",153720
"1151","22075",23042
"1152","22077",22802
"1153","22079",131613
"1154","22081",9091
"1155","22083",20725
"1156","22085",24233
"1157","22087",35897
"1158","22089",52780
"1159","22091",11203
"1160","22093",22102
"1161","22095",45924
"1162","22097",83384
"1163","22099",52160
"1164","22101",54650
"1165","22103",233740
"1166","22105",121097
"1167","22107",5252
"1168","22109",111860
"1169","22111",22721
"1170","22113",57999
"1171","22115",52334
"1172","22117",47168
"1173","22119",41207
"1174","22121",23788
"1175","22123",11604
"1176","22125",15625
"1177","22127",15313
"1178","23001",107702
"1179","23003",71870
"1180","23005",281674
"1181","23007",30768
"1182","23009",54418
"1183","23011",122151
"1184","23013",39736
"1185","23015",34457
"1186","23017",57833
"1187","23019",153923
"1188","23021",17535
"1189","23023",35293
"1190","23025",52228
"1191","23027",38786
"1192","23029",32856
"1193","23031",197131
"1194","24001",75087
"1195","24003",537656
"1196","24005",805029
"1197","24009",88737
"1198","24011",33066
"1199","24013",167134
"1200","24015",101108
"1201","24017",146551
"1202","24019",32618
"1203","24021",233385
"1204","24023",30097
"1205","24025",244826
"1206","24027",287085
"1207","24029",20197
"1208","24031",971777
"1209","24033",863420
"1210","24035",47798
"1211","24037",105151
"1212","24039",26470
"1213","24041",37782
"1214","24043",147430
"1215","24045",98733
"1216","24047",51454
"1217","24510",620961
"1218","25001",215888
"1219","25003",131219
"1220","25005",548285
"1221","25007",16535
"1222","25009",743159
"1223","25011",71372
"1224","25013",463490
"1225","25015",158080
"1226","25017",1503085
"1227","25019",10172
"1228","25021",670850
"1229","25023",494919
"1230","25025",722023
"1231","25027",798552
"1232","26001",10942
"1233","26003",9601
"1234","26005",111408
"1235","26007",29598
"1236","26009",23580
"1237","26011",15899
"1238","26013",8860
"1239","26015",59173
"1240","26017",107771
"1241","26019",17525
"1242","26021",156813
"1243","26023",45248
"1244","26025",136146
"1245","26027",52293
"1246","26029",25949
"1247","26031",26152
"1248","26033",38520
"1249","26035",30926
"1250","26037",75382
"1251","26039",14074
"1252","26041",37069
"1253","26043",26168
"1254","26045",107759
"1255","26047",32694
"1256","26049",425790
"1257","26051",25692
"1258","26053",16427
"1259","26055",86986
"1260","26057",42476
"1261","26059",46688
"1262","26061",36628
"1263","26063",33118
"1264","26065",280895
"1265","26067",63905
"1266","26069",25887
"1267","26071",11817
"1268","26073",70311
"1269","26075",160248
"1270","26077",250331
"1271","26079",17153
"1272","26081",602622
"1273","26083",2156
"1274","26085",11539
"1275","26087",88319
"1276","26089",21708
"1277","26091",99892
"1278","26093",180967
"1279","26095",6631
"1280","26097",11113
"1281","26099",840978
"1282","26101",24733
"1283","26103",67077
"1284","26105",28705
"1285","26107",42798
"1286","26109",24029
"1287","26111",83629
"1288","26113",14849
"1289","26115",152021
"1290","26117",63342
"1291","26119",9765
"1292","26121",172188
"1293","26123",48460
"1294","26125",1202362
"1295","26127",26570
"1296","26129",21699
"1297","26131",6780
"1298","26133",23528
"1299","26135",8640
"1300","26137",24164
"1301","26139",263801
"1302","26141",13376
"1303","26143",24449
"1304","26145",200169
"1305","26147",163040
"1306","26149",61295
"1307","26151",43114
"1308","26153",8485
"1309","26155",70648
"1310","26157",55729
"1311","26159",76258
"1312","26161",344791
"1313","26163",1820584
"1314","26165",32735
"1315","27001",16202
"1316","27003",330844
"1317","27005",32504
"1318","27007",44442
"1319","27009",38451
"1320","27011",5269
"1321","27013",64013
"1322","27015",25893
"1323","27017",35386
"1324","27019",91042
"1325","27021",28567
"1326","27023",12441
"1327","27025",53887
"1328","27027",58999
"1329","27029",8695
"1330","27031",5176
"1331","27033",11687
"1332","27035",62500
"1333","27037",398552
"1334","27039",20087
"1335","27041",36009
"1336","27043",14553
"1337","27045",20866
"1338","27047",31255
"1339","27049",46183
"1340","27051",6018
"1341","27053",1152425
"1342","27055",19027
"1343","27057",20428
"1344","27059",37816
"1345","27061",45058
"1346","27063",10266
"1347","27065",16239
"1348","27067",42239
"1349","27069",4552
"1350","27071",13311
"1351","27073",7259
"1352","27075",10866
"1353","27077",4045
"1354","27079",27703
"1355","27081",5896
"1356","27083",25857
"1357","27085",36651
"1358","27087",5413
"1359","27089",9439
"1360","27091",20840
"1361","27093",23300
"1362","27095",26097
"1363","27097",33198
"1364","27099",39163
"1365","27101",8725
"1366","27103",32727
"1367","27105",21378
"1368","27107",6852
"1369","27109",144248
"1370","27111",57303
"1371","27113",13930
"1372","27115",29750
"1373","27117",9596
"1374","27119",31600
"1375","27121",10995
"1376","27123",508640
"1377","27125",4089
"1378","27127",16059
"1379","27129",15730
"1380","27131",64142
"1381","27133",9687
"1382","27135",15629
"1383","27137",200226
"1384","27139",129928
"1385","27141",88499
"1386","27143",15226
"1387","27145",150642
"1388","27147",36576
"1389","27149",9726
"1390","27151",9783
"1391","27153",24895
"1392","27155",3558
"1393","27157",21676
"1394","27159",13843
"1395","27161",19136
"1396","27163",238136
"1397","27165",11211
"1398","27167",6576
"1399","27169",51461
"1400","27171",124700
"1401","27173",10438
"1402","28001",32297
"1403","28003",37057
"1404","28005",13131
"1405","28007",19564
"1406","28009",8729
"1407","28011",34145
"1408","28013",14962
"1409","28015",10597
"1410","28017",17392
"1411","28019",8547
"1412","28021",9604
"1413","28023",16732
"1414","28025",20634
"1415","28027",26151
"1416","28029",29449
"1417","28031",19568
"1418","28033",161252
"1419","28035",74934
"1420","28037",8118
"1421","28039",22578
"1422","28041",14400
"1423","28043",21906
"1424","28045",43929
"1425","28047",187105
"1426","28049",245285
"1427","28051",19198
"1428","28053",9375
"1429","28055",1406
"1430","28057",23401
"1431","28059",139668
"1432","28061",17062
"1433","28063",7726
"1434","28065",12487
"1435","28067",67761
"1436","28069",10456
"1437","28071",47351
"1438","28073",55658
"1439","28075",80261
"1440","28077",12929
"1441","28079",23805
"1442","28081",82910
"1443","28083",32317
"1444","28085",34869
"1445","28087",59779
"1446","28089",95203
"1447","28091",27088
"1448","28093",37144
"1449","28095",36989
"1450","28097",10925
"1451","28099",29676
"1452","28101",21720
"1453","28103",11545
"1454","28105",47671
"1455","28107",34707
"1456","28109",55834
"1457","28111",12250
"1458","28113",40404
"1459","28115",29957
"1460","28117",25276
"1461","28119",8223
"1462","28121",141617
"1463","28123",28264
"1464","28125",4916
"1465","28127",27503
"1466","28129",16491
"1467","28131",17786
"1468","28133",29450
"1469","28135",15378
"1470","28137",28886
"1471","28139",22232
"1472","28141",19593
"1473","28143",10778
"1474","28145",27134
"1475","28147",15443
"1476","28149",48773
"1477","28151",51137
"1478","28153",20747
"1479","28155",10253
"1480","28157",9878
"1481","28159",19198
"1482","28161",12678
"1483","28163",28065
"1484","29001",25607
"1485","29003",17291
"1486","29005",5685
"1487","29007",25529
"1488","29009",35597
"1489","29011",12402
"1490","29013",17049
"1491","29015",19056
"1492","29017",12363
"1493","29019",162642
"1494","29021",89201
"1495","29023",42794
"1496","29025",9424
"1497","29027",44332
"1498","29029",44002
"1499","29031",75674
"1500","29033",9295
"1501","29035",6265
"1502","29037",99478
"1503","29039",13982
"1504","29041",7831
"1505","29043",77422
"1506","29045",7139
"1507","29047",221939
"1508","29049",20743
"1509","29051",75990
"1510","29053",17601
"1511","29055",24696
"1512","29057",7883
"1513","29059",16777
"1514","29061",8433
"1515","29063",12892
"1516","29065",15657
"1517","29067",13684
"1518","29069",31953
"1519","29071",101492
"1520","29073",15222
"1521","29075",6738
"1522","29077",275174
"1523","29079",10261
"1524","29081",8957
"1525","29083",22272
"1526","29085",9627
"1527","29087",4912
"1528","29089",10144
"1529","29091",40400
"1530","29093",10630
"1531","29095",674158
"1532","29097",117404
"1533","29099",218733
"1534","29101",52595
"1535","29103",4131
"1536","29105",35571
"1537","29107",33381
"1538","29109",38634
"1539","29111",10211
"1540","29113",52566
"1541","29115",12761
"1542","29117",15195
"1543","29119",23083
"1544","29121",15566
"1545","29123",12226
"1546","29125",9176
"1547","29127",28781
"1548","29129",3785
"1549","29131",24748
"1550","29133",14358
"1551","29135",15607
"1552","29137",8840
"1553","29139",12236
"1554","29141",20565
"1555","29143",18956
"1556","29145",58114
"1557","29147",23370
"1558","29149",10881
"1559","29151",13878
"1560","29153",9723
"1561","29155",18296
"1562","29157",18971
"1563","29159",42201
"1564","29161",45156
"1565","29163",18516
"1566","29165",89322
"1567","29167",31137
"1568","29169",52274
"1569","29171",4979
"1570","29173",10167
"1571","29175",25414
"1572","29177",23494
"1573","29179",6696
"1574","29181",14100
"1575","29183",360485
"1576","29185",9805
"1577","29186",18145
"1578","29187",65359
"1579","29189",998954
"1580","29195",23370
"1581","29197",4431
"1582","29199",4843
"1583","29201",39191
"1584","29203",8441
"1585","29205",6373
"1586","29207",29968
"1587","29209",32202
"1588","29211",6714
"1589","29213",51675
"1590","29215",26008
"1591","29217",21159
"1592","29219",32513
"1593","29221",25195
"1594","29223",13521
"1595","29225",36202
"1596","29227",2171
"1597","29229",18815
"1598","29510",319294
"1599","30001",9246
"1600","30003",12865
"1601","30005",6491
"1602","30007",5612
"1603","30009",10078
"1604","30011",1160
"1605","30013",81327
"1606","30015",5813
"1607","30017",11699
"1608","30019",1751
"1609","30021",8966
"1610","30023",9298
"1611","30025",2890
"1612","30027",11586
"1613","30029",90928
"1614","30031",89513
"1615","30033",1206
"1616","30035",13399
"1617","30037",884
"1618","30039",3079
"1619","30041",16096
"1620","30043",11406
"1621","30045",2072
"1622","30047",28746
"1623","30049",63395
"1624","30051",2339
"1625","30053",19687
"1626","30055",1734
"1627","30057",7691
"1628","30059",1891
"1629","30061",4223
"1630","30063",109299
"1631","30065",4538
"1632","30067",15636
"1633","30069",494
"1634","30071",4253
"1635","30073",6153
"1636","30075",1743
"1637","30077",7027
"1638","30079",1179
"1639","30081",40212
"1640","30083",9746
"1641","30085",10425
"1642","30087",9233
"1643","30089",11413
"1644","30091",3384
"1645","30093",34200
"1646","30095",9117
"1647","30097",3651
"1648","30099",6073
"1649","30101",5324
"1650","30103",718
"1651","30105",7369
"1652","30107",2168
"1653","30109",1017
"1654","30111",147972
"1655","31001",31364
"1656","31003",6685
"1657","31005",460
"1658","31007",690
"1659","31009",478
"1660","31011",5505
"1661","31013",11308
"1662","31015",2099
"1663","31017",3145
"1664","31019",46102
"1665","31021",6858
"1666","31023",8395
"1667","31025",25241
"1668","31027",8852
"1669","31029",3966
"1670","31031",5713
"1671","31033",9998
"1672","31035",6542
"1673","31037",10515
"1674","31039",9139
"1675","31041",10939
"1676","31043",21006
"1677","31045",9182
"1678","31047",24326
"1679","31049",1941
"1680","31051",6000
"1681","31053",36691
"1682","31055",517110
"1683","31057",2008
"1684","31059",5890
"1685","31061",3225
"1686","31063",2756
"1687","31065",4959
"1688","31067",22311
"1689","31069",2057
"1690","31071",2049
"1691","31073",2044
"1692","31075",614
"1693","31077",2538
"1694","31079",58607
"1695","31081",9124
"1696","31083",3423
"1697","31085",967
"1698","31087",2908
"1699","31089",10435
"1700","31091",736
"1701","31093",6274
"1702","31095",7547
"1703","31097",5217
"1704","31099",6489
"1705","31101",8368
"1706","31103",824
"1707","31105",3821
"1708","31107",8701
"1709","31109",285407
"1710","31111",36288
"1711","31113",763
"1712","31115",632
"1713","31117",539
"1714","31119",34876
"1715","31121",7845
"1716","31123",5042
"1717","31125",3735
"1718","31127",7248
"1719","31129",4500
"1720","31131",15740
"1721","31133",2773
"1722","31135",2970
"1723","31137",9188
"1724","31139",7266
"1725","31141",32237
"1726","31143",5406
"1727","31145",11055
"1728","31147",8363
"1729","31149",1526
"1730","31151",14200
"1731","31153",158840
"1732","31155",20780
"1733","31157",36970
"1734","31159",16750
"1735","31161",5469
"1736","31163",3152
"1737","31165",1311
"1738","31167",6129
"1739","31169",5228
"1740","31171",647
"1741","31173",6940
"1742","31175",4260
"1743","31177",20234
"1744","31179",9595
"1745","31181",3812
"1746","31183",818
"1747","31185",13665
"1748","32001",24877
"1749","32003",1951269
"1750","32005",46997
"1751","32007",48818
"1752","32009",783
"1753","32011",1987
"1754","32013",16528
"1755","32015",5775
"1756","32017",5345
"1757","32019",51980
"1758","32021",4772
"1759","32023",43946
"1760","32027",6753
"1761","32029",4010
"1762","32031",421407
"1763","32033",10030
"1764","32510",55274
"1765","33001",60088
"1766","33003",47818
"1767","33005",77117
"1768","33007",33055
"1769","33009",89118
"1770","33011",400721
"1771","33013",146445
"1772","33015",295223
"1773","33017",123143
"1774","33019",43742
"1775","34001",274549
"1776","34003",905116
"1777","34005",448734
"1778","34007",513657
"1779","34009",97265
"1780","34011",156898
"1781","34013",783969
"1782","34015",288288
"1783","34017",634266
"1784","34019",128349
"1785","34021",366513
"1786","34023",809858
"1787","34025",630380
"1788","34027",492276
"1789","34029",576567
"1790","34031",501226
"1791","34033",66083
"1792","34035",323444
"1793","34037",149265
"1794","34039",536499
"1795","34041",108692
"1796","35001",662564
"1797","35003",3725
"1798","35005",65645
"1799","35006",27213
"1800","35007",13750
"1801","35009",48376
"1802","35011",2022
"1803","35013",209233
"1804","35015",53829
"1805","35017",29514
"1806","35019",4687
"1807","35021",695
"1808","35023",4894
"1809","35025",64727
"1810","35027",20497
"1811","35028",17950
"1812","35029",25095
"1813","35031",71492
"1814","35033",4881
"1815","35035",63797
"1816","35037",9041
"1817","35039",40246
"1818","35041",19846
"1819","35043",131561
"1820","35045",130044
"1821","35047",29393
"1822","35049",144170
"1823","35051",11988
"1824","35053",17866
"1825","35055",32937
"1826","35057",16383
"1827","35059",4549
"1828","35061",76569
"1829","36001",304204
"1830","36003",48946
"1831","36005",1385108
"1832","36007",200600
"1833","36009",80317
"1834","36011",80026
"1835","36013",134905
"1836","36015",88830
"1837","36017",50477
"1838","36019",82128
"1839","36021",63096
"1840","36023",49336
"1841","36025",47980
"1842","36027",297488
"1843","36029",919040
"1844","36031",39370
"1845","36033",51599
"1846","36035",55531
"1847","36037",60079
"1848","36039",49221
"1849","36041",4836
"1850","36043",64519
"1851","36045",116229
"1852","36047",2504700
"1853","36049",27087
"1854","36051",65393
"1855","36053",73442
"1856","36055",744344
"1857","36057",50219
"1858","36059",1339532
"1859","36061",1585873
"1860","36063",216469
"1861","36065",234878
"1862","36067",467026
"1863","36069",107931
"1864","36071",372813
"1865","36073",42883
"1866","36075",122109
"1867","36077",62259
"1868","36079",99710
"1869","36081",2230722
"1870","36083",159429
"1871","36085",468730
"1872","36087",311687
"1873","36089",111944
"1874","36091",219607
"1875","36093",154727
"1876","36095",32749
"1877","36097",18343
"1878","36099",35251
"1879","36101",98990
"1880","36103",1493350
"1881","36105",77547
"1882","36107",51125
"1883","36109",101564
"1884","36111",182493
"1885","36113",65707
"1886","36115",63216
"1887","36117",93772
"1888","36119",949113
"1889","36121",42155
"1890","36123",25348
"1891","37001",151131
"1892","37003",37198
"1893","37005",11155
"1894","37007",26948
"1895","37009",27281
"1896","37011",17797
"1897","37013",47759
"1898","37015",21282
"1899","37017",35190
"1900","37019",107431
"1901","37021",238318
"1902","37023",90912
"1903","37025",178011
"1904","37027",83029
"1905","37029",9980
"1906","37031",66469
"1907","37033",23719
"1908","37035",154358
"1909","37037",63505
"1910","37039",27444
"1911","37041",14793
"1912","37043",10587
"1913","37045",98078
"1914","37047",58098
"1915","37049",103505
"1916","37051",319431
"1917","37053",23547
"1918","37055",33920
"1919","37057",162878
"1920","37059",41240
"1921","37061",58505
"1922","37063",267587
"1923","37065",56552
"1924","37067",350670
"1925","37069",60619
"1926","37071",206086
"1927","37073",12197
"1928","37075",8861
"1929","37077",59916
"1930","37079",21362
"1931","37081",488406
"1932","37083",54691
"1933","37085",114678
"1934","37087",59036
"1935","37089",106740
"1936","37091",24669
"1937","37093",46952
"1938","37095",5810
"1939","37097",159437
"1940","37099",40271
"1941","37101",168878
"1942","37103",10153
"1943","37105",57866
"1944","37107",59495
"1945","37109",78265
"1946","37111",44996
"1947","37113",33922
"1948","37115",20764
"1949","37117",24505
"1950","37119",919628
"1951","37121",15579
"1952","37123",27798
"1953","37125",88247
"1954","37127",95840
"1955","37129",202667
"1956","37131",22099
"1957","37133",177772
"1958","37135",133801
"1959","37137",13144
"1960","37139",40661
"1961","37141",52217
"1962","37143",13453
"1963","37145",39464
"1964","37147",168148
"1965","37149",20510
"1966","37151",141752
"1967","37153",46639
"1968","37155",134168
"1969","37157",93643
"1970","37159",138428
"1971","37161",67810
"1972","37163",63431
"1973","37165",36157
"1974","37167",60585
"1975","37169",47401
"1976","37171",73673
"1977","37173",13981
"1978","37175",33090
"1979","37177",4407
"1980","37179",201292
"1981","37181",45422
"1982","37183",900993
"1983","37185",20972
"1984","37187",13228
"1985","37189",51079
"1986","37191",122623
"1987","37193",69340
"1988","37195",81234
"1989","37197",38406
"1990","37199",17818
"1991","38001",2343
"1992","38003",11066
"1993","38005",6660
"1994","38007",783
"1995","38009",6429
"1996","38011",3151
"1997","38013",1968
"1998","38015",81308
"1999","38017",149778
"2000","38019",3993
"2001","38021",5289
"2002","38023",2071
"2003","38025",3536
"2004","38027",2385
"2005","38029",3550
"2006","38031",3343
"2007","38033",1680
"2008","38035",66861
"2009","38037",2394
"2010","38039",2420
"2011","38041",2477
"2012","38043",2435
"2013","38045",4139
"2014","38047",1990
"2015","38049",5395
"2016","38051",2809
"2017","38053",6360
"2018","38055",8962
"2019","38057",8424
"2020","38059",27471
"2021","38061",7673
"2022","38063",3126
"2023","38065",1846
"2024","38067",7413
"2025","38069",4357
"2026","38071",11451
"2027","38073",5457
"2028","38075",2470
"2029","38077",16321
"2030","38079",13937
"2031","38081",3829
"2032","38083",1321
"2033","38085",4153
"2034","38087",727
"2035","38089",24199
"2036","38091",1975
"2037","38093",21100
"2038","38095",2246
"2039","38097",8121
"2040","38099",11119
"2041","38101",61675
"2042","38103",4207
"2043","38105",22398
"2044","39001",28550
"2045","39003",106331
"2046","39005",53139
"2047","39007",101497
"2048","39009",64757
"2049","39011",45949
"2050","39013",70400
"2051","39015",44846
"2052","39017",368130
"2053","39019",28836
"2054","39021",40097
"2055","39023",138333
"2056","39025",197363
"2057","39027",42040
"2058","39029",107841
"2059","39031",36901
"2060","39033",43784
"2061","39035",1280122
"2062","39037",52959
"2063","39039",39037
"2064","39041",174214
"2065","39043",77079
"2066","39045",146156
"2067","39047",29030
"2068","39049",1163414
"2069","39051",42698
"2070","39053",30934
"2071","39055",93389
"2072","39057",161573
"2073","39059",40087
"2074","39061",802374
"2075","39063",74782
"2076","39065",32058
"2077","39067",15864
"2078","39069",28215
"2079","39071",43589
"2080","39073",29380
"2081","39075",42366
"2082","39077",59626
"2083","39079",33225
"2084","39081",69709
"2085","39083",60921
"2086","39085",230041
"2087","39087",62450
"2088","39089",166492
"2089","39091",45858
"2090","39093",301356
"2091","39095",441815
"2092","39097",43435
"2093","39099",238823
"2094","39101",66501
"2095","39103",172332
"2096","39105",23770
"2097","39107",40814
"2098","39109",102506
"2099","39111",14642
"2100","39113",535153
"2101","39115",15054
"2102","39117",34827
"2103","39119",86074
"2104","39121",14645
"2105","39123",41428
"2106","39125",19614
"2107","39127",36058
"2108","39129",55698
"2109","39131",28709
"2110","39133",161419
"2111","39135",42270
"2112","39137",34499
"2113","39139",124475
"2114","39141",78064
"2115","39143",60944
"2116","39145",79499
"2117","39147",56745
"2118","39149",49423
"2119","39151",375586
"2120","39153",541781
"2121","39155",210312
"2122","39157",92582
"2123","39159",52300
"2124","39161",28744
"2125","39163",13435
"2126","39165",212693
"2127","39167",61778
"2128","39169",114520
"2129","39171",37642
"2130","39173",125488
"2131","39175",22615
"2132","40001",22683
"2133","40003",5642
"2134","40005",14182
"2135","40007",5636
"2136","40009",22119
"2137","40011",11943
"2138","40013",42416
"2139","40015",29600
"2140","40017",115541
"2141","40019",47557
"2142","40021",46987
"2143","40023",15205
"2144","40025",2475
"2145","40027",255755
"2146","40029",5925
"2147","40031",124098
"2148","40033",6193
"2149","40035",15029
"2150","40037",69967
"2151","40039",27469
"2152","40041",41487
"2153","40043",4810
"2154","40045",4151
"2155","40047",60580
"2156","40049",27576
"2157","40051",52431
"2158","40053",4527
"2159","40055",6239
"2160","40057",2922
"2161","40059",3685
"2162","40061",12769
"2163","40063",14003
"2164","40065",26446
"2165","40067",6472
"2166","40069",10957
"2167","40071",46562
"2168","40073",15034
"2169","40075",9446
"2170","40077",11154
"2171","40079",50384
"2172","40081",34273
"2173","40083",41848
"2174","40085",9423
"2175","40087",34506
"2176","40089",33151
"2177","40091",20252
"2178","40093",7527
"2179","40095",15840
"2180","40097",41259
"2181","40099",13488
"2182","40101",70990
"2183","40103",11561
"2184","40105",10536
"2185","40107",12191
"2186","40109",718633
"2187","40111",40069
"2188","40113",47472
"2189","40115",31848
"2190","40117",16577
"2191","40119",77350
"2192","40121",45837
"2193","40123",37492
"2194","40125",69442
"2195","40127",11572
"2196","40129",3647
"2197","40131",86905
"2198","40133",25482
"2199","40135",42391
"2200","40137",45048
"2201","40139",20640
"2202","40141",7992
"2203","40143",603403
"2204","40145",73085
"2205","40147",50976
"2206","40149",11629
"2207","40151",8878
"2208","40153",20081
"2209","41001",16134
"2210","41003",85579
"2211","41005",375992
"2212","41007",37039
"2213","41009",49351
"2214","41011",63043
"2215","41013",20978
"2216","41015",22364
"2217","41017",157733
"2218","41019",107667
"2219","41021",1871
"2220","41023",7445
"2221","41025",7422
"2222","41027",22346
"2223","41029",203206
"2224","41031",21720
"2225","41033",82713
"2226","41035",66380
"2227","41037",7895
"2228","41039",351715
"2229","41041",46034
"2230","41043",116672
"2231","41045",31313
"2232","41047",315335
"2233","41049",11173
"2234","41051",735334
"2235","41053",75403
"2236","41055",1765
"2237","41057",25250
"2238","41059",75889
"2239","41061",25748
"2240","41063",7008
"2241","41065",25213
"2242","41067",529710
"2243","41069",1441
"2244","41071",99193
"2245","42001",101407
"2246","42003",1223348
"2247","42005",68941
"2248","42007",170539
"2249","42009",49762
"2250","42011",411442
"2251","42013",127089
"2252","42015",62622
"2253","42017",625249
"2254","42019",183862
"2255","42021",143679
"2256","42023",5085
"2257","42025",65249
"2258","42027",153990
"2259","42029",498886
"2260","42031",39988
"2261","42033",81642
"2262","42035",39238
"2263","42037",67295
"2264","42039",88765
"2265","42041",235406
"2266","42043",268100
"2267","42045",558979
"2268","42047",31946
"2269","42049",280566
"2270","42051",136606
"2271","42053",7716
"2272","42055",149618
"2273","42057",14845
"2274","42059",38686
"2275","42061",45913
"2276","42063",88880
"2277","42065",45200
"2278","42067",24636
"2279","42069",214437
"2280","42071",519445
"2281","42073",91108
"2282","42075",133568
"2283","42077",349497
"2284","42079",320918
"2285","42081",116111
"2286","42083",43450
"2287","42085",116638
"2288","42087",46682
"2289","42089",169842
"2290","42091",799874
"2291","42093",18267
"2292","42095",297735
"2293","42097",94528
"2294","42099",45969
"2295","42101",1526006
"2296","42103",57369
"2297","42105",17457
"2298","42107",148289
"2299","42109",39702
"2300","42111",77742
"2301","42113",6428
"2302","42115",43356
"2303","42117",41981
"2304","42119",44947
"2305","42121",54984
"2306","42123",41815
"2307","42125",207820
"2308","42127",52822
"2309","42129",365169
"2310","42131",28276
"2311","42133",434972
"2312","44001",49875
"2313","44003",166158
"2314","44005",82888
"2315","44007",626667
"2316","44009",126979
"2317","45001",25417
"2318","45003",160099
"2319","45005",10419
"2320","45007",187126
"2321","45009",15987
"2322","45011",22621
"2323","45013",162233
"2324","45015",177843
"2325","45017",15175
"2326","45019",350209
"2327","45021",55342
"2328","45023",33140
"2329","45025",46734
"2330","45027",34971
"2331","45029",38892
"2332","45031",68681
"2333","45033",32062
"2334","45035",136555
"2335","45037",26985
"2336","45039",23956
"2337","45041",136885
"2338","45043",60158
"2339","45045",451225
"2340","45047",69661
"2341","45049",21090
"2342","45051",269291
"2343","45053",24777
"2344","45055",61697
"2345","45057",76652
"2346","45059",66537
"2347","45061",19220
"2348","45063",262391
"2349","45065",10233
"2350","45067",33062
"2351","45069",28933
"2352","45071",37508
"2353","45073",74273
"2354","45075",92501
"2355","45077",119224
"2356","45079",384504
"2357","45081",19875
"2358","45083",284307
"2359","45085",107456
"2360","45087",28961
"2361","45089",34423
"2362","45091",226073
"2363","46003",2710
"2364","46005",17398
"2365","46007",3431
"2366","46009",7070
"2367","46011",31965
"2368","46013",36531
"2369","46015",5255
"2370","46017",1912
"2371","46019",10110
"2372","46021",1466
"2373","46023",9129
"2374","46025",3691
"2375","46027",13864
"2376","46029",27227
"2377","46031",4050
"2378","46033",8216
"2379","46035",19504
"2380","46037",5710
"2381","46039",4364
"2382","46041",5301
"2383","46043",3002
"2384","46045",4071
"2385","46047",7094
"2386","46049",2364
"2387","46051",7356
"2388","46053",4271
"2389","46055",1937
"2390","46057",5903
"2391","46059",3431
"2392","46061",3331
"2393","46063",1255
"2394","46065",17022
"2395","46067",7343
"2396","46069",1420
"2397","46071",3031
"2398","46073",2071
"2399","46075",1006
"2400","46077",5148
"2401","46079",11200
"2402","46081",24097
"2403","46083",44828
"2404","46085",3755
"2405","46087",5618
"2406","46089",2459
"2407","46091",4656
"2408","46093",25434
"2409","46095",2048
"2410","46097",2389
"2411","46099",169468
"2412","46101",6486
"2413","46103",100948
"2414","46105",2982
"2415","46107",2329
"2416","46109",10149
"2417","46111",2355
"2418","46113",13586
"2419","46115",6415
"2420","46117",2966
"2421","46119",1373
"2422","46121",9612
"2423","46123",5644
"2424","46125",8347
"2425","46127",14399
"2426","46129",5438
"2427","46135",22438
"2428","46137",2801
"2429","47001",75129
"2430","47003",45058
"2431","47005",16489
"2432","47007",12876
"2433","47009",123010
"2434","47011",98963
"2435","47013",40716
"2436","47015",13801
"2437","47017",28522
"2438","47019",57424
"2439","47021",39105
"2440","47023",17131
"2441","47025",32213
"2442","47027",7861
"2443","47029",35662
"2444","47031",52796
"2445","47033",14586
"2446","47035",56053
"2447","47037",626681
"2448","47039",11757
"2449","47041",18723
"2450","47043",49666
"2451","47045",38335
"2452","47047",38413
"2453","47049",17959
"2454","47051",41052
"2455","47053",49683
"2456","47055",29485
"2457","47057",22657
"2458","47059",68831
"2459","47061",13703
"2460","47063",62544
"2461","47065",336463
"2462","47067",6819
"2463","47069",27253
"2464","47071",26026
"2465","47073",56833
"2466","47075",18787
"2467","47077",27769
"2468","47079",32330
"2469","47081",24690
"2470","47083",8426
"2471","47085",18538
"2472","47087",11638
"2473","47089",51407
"2474","47091",18244
"2475","47093",432226
"2476","47095",7832
"2477","47097",27815
"2478","47099",41869
"2479","47101",12161
"2480","47103",33361
"2481","47105",48556
"2482","47107",52266
"2483","47109",26075
"2484","47111",22248
"2485","47113",98294
"2486","47115",28237
"2487","47117",30617
"2488","47119",80956
"2489","47121",11753
"2490","47123",44519
"2491","47125",172331
"2492","47127",6362
"2493","47129",21987
"2494","47131",31807
"2495","47133",22083
"2496","47135",7915
"2497","47137",5077
"2498","47139",16825
"2499","47141",72321
"2500","47143",31809
"2501","47145",54181
"2502","47147",66283
"2503","47149",262604
"2504","47151",22228
"2505","47153",14112
"2506","47155",89889
"2507","47157",927644
"2508","47159",19166
"2509","47161",13324
"2510","47163",156823
"2511","47165",160645
"2512","47167",61081
"2513","47169",7870
"2514","47171",18313
"2515","47173",19109
"2516","47175",5548
"2517","47177",39839
"2518","47179",122979
"2519","47181",17021
"2520","47183",35021
"2521","47185",25841
"2522","47187",183182
"2523","47189",113993
"2524","48001",58458
"2525","48003",14786
"2526","48005",86771
"2527","48007",23158
"2528","48009",9054
"2529","48011",1901
"2530","48013",44911
"2531","48015",28417
"2532","48017",7165
"2533","48019",20485
"2534","48021",74171
"2535","48023",3726
"2536","48025",31861
"2537","48027",310235
"2538","48029",1714773
"2539","48031",10497
"2540","48033",641
"2541","48035",18212
"2542","48037",92565
"2543","48039",313166
"2544","48041",194851
"2545","48043",9232
"2546","48045",1637
"2547","48047",7223
"2548","48049",38106
"2549","48051",17187
"2550","48053",42750
"2551","48055",38066
"2552","48057",21381
"2553","48059",13544
"2554","48061",406220
"2555","48063",12401
"2556","48065",6182
"2557","48067",30464
"2558","48069",8062
"2559","48071",35096
"2560","48073",50845
"2561","48075",7041
"2562","48077",10752
"2563","48079",3127
"2564","48081",3320
"2565","48083",8895
"2566","48085",782341
"2567","48087",3057
"2568","48089",20874
"2569","48091",108472
"2570","48093",13974
"2571","48095",4087
"2572","48097",38437
"2573","48099",75388
"2574","48101",1505
"2575","48103",4375
"2576","48105",3719
"2577","48107",6059
"2578","48109",2398
"2579","48111",6703
"2580","48113",2368139
"2581","48115",13833
"2582","48117",19372
"2583","48119",5231
"2584","48121",662614
"2585","48123",20097
"2586","48125",2444
"2587","48127",9996
"2588","48129",3677
"2589","48131",11782
"2590","48133",18583
"2591","48135",137130
"2592","48137",2002
"2593","48139",149610
"2594","48141",800647
"2595","48143",37890
"2596","48145",17866
"2597","48147",33915
"2598","48149",24554
"2599","48151",3974
"2600","48153",6446
"2601","48155",1336
"2602","48157",585375
"2603","48159",10605
"2604","48161",19816
"2605","48163",17217
"2606","48165",17526
"2607","48167",291309
"2608","48169",6461
"2609","48171",24837
"2610","48173",1226
"2611","48175",7210
"2612","48177",19807
"2613","48179",22535
"2614","48181",120877
"2615","48183",121730
"2616","48185",26604
"2617","48187",131533
"2618","48189",36273
"2619","48191",3353
"2620","48193",8517
"2621","48195",5613
"2622","48197",4139
"2623","48199",54635
"2624","48201",4092459
"2625","48203",65631
"2626","48205",6062
"2627","48207",5899
"2628","48209",157107
"2629","48211",3807
"2630","48213",78532
"2631","48215",774769
"2632","48217",35089
"2633","48219",22935
"2634","48221",51182
"2635","48223",35161
"2636","48225",23732
"2637","48227",35012
"2638","48229",3476
"2639","48231",86129
"2640","48233",22150
"2641","48235",1599
"2642","48237",9044
"2643","48239",14075
"2644","48241",35710
"2645","48243",2342
"2646","48245",252273
"2647","48247",5300
"2648","48249",40838
"2649","48251",150934
"2650","48253",20202
"2651","48255",14824
"2652","48257",103350
"2653","48259",33410
"2654","48261",416
"2655","48263",808
"2656","48265",49625
"2657","48267",4607
"2658","48269",286
"2659","48271",3598
"2660","48273",32061
"2661","48275",3719
"2662","48277",49793
"2663","48279",13977
"2664","48281",19677
"2665","48283",6886
"2666","48285",19263
"2667","48287",16612
"2668","48289",16801
"2669","48291",75643
"2670","48293",23384
"2671","48295",3302
"2672","48297",11531
"2673","48299",19301
"2674","48301",82
"2675","48303",278831
"2676","48305",5915
"2677","48307",8283
"2678","48309",234906
"2679","48311",707
"2680","48313",13664
"2681","48315",10546
"2682","48317",4799
"2683","48319",4012
"2684","48321",36702
"2685","48323",54258
"2686","48325",46006
"2687","48327",2242
"2688","48329",136872
"2689","48331",24757
"2690","48333",4936
"2691","48335",9403
"2692","48337",19719
"2693","48339",455746
"2694","48341",21904
"2695","48343",12934
"2696","48345",1210
"2697","48347",64524
"2698","48349",47735
"2699","48351",14445
"2700","48353",15216
"2701","48355",340223
"2702","48357",10223
"2703","48359",2052
"2704","48361",81837
"2705","48363",28111
"2706","48365",23796
"2707","48367",116927
"2708","48369",10269
"2709","48371",15507
"2710","48373",45413
"2711","48375",121073
"2712","48377",7818
"2713","48379",10914
"2714","48381",120725
"2715","48383",3367
"2716","48385",3309
"2717","48387",12860
"2718","48389",13783
"2719","48391",7383
"2720","48393",929
"2721","48395",16622
"2722","48397",78337
"2723","48399",10501
"2724","48401",53330
"2725","48403",10834
"2726","48405",8865
"2727","48407",26384
"2728","48409",64804
"2729","48411",6131
"2730","48413",3461
"2731","48415",16921
"2732","48417",3378
"2733","48419",25448
"2734","48421",3034
"2735","48423",209714
"2736","48425",8490
"2737","48427",60968
"2738","48429",9630
"2739","48431",1143
"2740","48433",1490
"2741","48435",4128
"2742","48437",7854
"2743","48439",1809034
"2744","48441",131506
"2745","48443",984
"2746","48445",12651
"2747","48447",1641
"2748","48449",32334
"2749","48451",110224
"2750","48453",1024266
"2751","48455",14585
"2752","48457",21766
"2753","48459",39309
"2754","48461",3355
"2755","48463",26405
"2756","48465",48879
"2757","48467",52579
"2758","48469",86793
"2759","48471",67861
"2760","48473",43205
"2761","48475",10658
"2762","48477",33718
"2763","48479",250304
"2764","48481",41280
"2765","48483",5410
"2766","48485",131500
"2767","48487",13535
"2768","48489",22134
"2769","48491",422679
"2770","48493",42918
"2771","48495",7110
"2772","48497",59127
"2773","48499",41964
"2774","48501",7879
"2775","48503",18550
"2776","48505",14018
"2777","48507",11677
"2778","49001",6629
"2779","49003",49975
"2780","49005",112656
"2781","49007",21403
"2782","49009",1059
"2783","49011",306479
"2784","49013",18607
"2785","49015",10976
"2786","49017",5172
"2787","49019",9225
"2788","49021",46163
"2789","49023",10246
"2790","49025",7125
"2791","49027",12503
"2792","49029",9469
"2793","49031",1556
"2794","49033",2264
"2795","49035",1029655
"2796","49037",14746
"2797","49039",27822
"2798","49041",20802
"2799","49043",36324
"2800","49045",58218
"2801","49047",32588
"2802","49049",516564
"2803","49051",23530
"2804","49053",138115
"2805","49055",2778
"2806","49057",231236
"2807","50001",36821
"2808","50003",37125
"2809","50005",31227
"2810","50007",156545
"2811","50009",6306
"2812","50011",47746
"2813","50013",6970
"2814","50015",24475
"2815","50017",28936
"2816","50019",27231
"2817","50021",61642
"2818","50023",59534
"2819","50025",44513
"2820","50027",56670
"2821","51001",33164
"2822","51003",98970
"2823","51005",16250
"2824","51007",12690
"2825","51009",32353
"2826","51011",14973
"2827","51013",207627
"2828","51015",73750
"2829","51017",4731
"2830","51019",68676
"2831","51021",6824
"2832","51023",33148
"2833","51025",17434
"2834","51027",24098
"2835","51029",17146
"2836","51031",54842
"2837","51033",28545
"2838","51035",30042
"2839","51036",7256
"2840","51037",12586
"2841","51041",316236
"2842","51043",14034
"2843","51045",5190
"2844","51047",46689
"2845","51049",10052
"2846","51051",15903
"2847","51053",28001
"2848","51057",11151
"2849","51059",1081726
"2850","51061",65203
"2851","51063",15279
"2852","51065",25691
"2853","51067",56159
"2854","51069",78305
"2855","51071",17286
"2856","51073",36858
"2857","51075",21717
"2858","51077",15533
"2859","51079",18403
"2860","51081",12243
"2861","51083",36241
"2862","51085",99863
"2863","51087",306935
"2864","51089",54151
"2865","51091",2321
"2866","51093",35270
"2867","51095",67009
"2868","51097",6945
"2869","51099",23584
"2870","51101",15935
"2871","51103",11391
"2872","51105",25587
"2873","51107",312311
"2874","51109",33153
"2875","51111",12914
"2876","51113",13308
"2877","51115",8978
"2878","51117",32727
"2879","51119",10959
"2880","51121",94392
"2881","51125",15020
"2882","51127",18429
"2883","51131",12389
"2884","51133",12330
"2885","51135",15853
"2886","51137",33481
"2887","51139",24042
"2888","51141",18490
"2889","51143",63506
"2890","51145",28046
"2891","51147",23368
"2892","51149",35725
"2893","51153",402002
"2894","51155",34872
"2895","51157",7373
"2896","51159",9254
"2897","51161",92376
"2898","51163",22307
"2899","51165",76314
"2900","51167",28897
"2901","51169",23177
"2902","51171",41993
"2903","51173",32208
"2904","51175",18570
"2905","51177",122397
"2906","51179",128961
"2907","51181",7058
"2908","51183",12087
"2909","51185",45078
"2910","51187",37575
"2911","51191",54876
"2912","51193",17454
"2913","51195",41452
"2914","51197",29235
"2915","51199",65464
"2916","51510",139966
"2917","51515",6222
"2918","51520",17835
"2919","51530",6650
"2920","51540",43475
"2921","51550",222209
"2922","51570",17411
"2923","51580",5961
"2924","51590",43055
"2925","51595",5927
"2926","51600",22565
"2927","51610",12332
"2928","51620",8582
"2929","51630",24286
"2930","51640",7042
"2931","51650",137436
"2932","51660",48914
"2933","51670",22591
"2934","51678",7042
"2935","51680",75568
"2936","51683",37821
"2937","51685",14273
"2938","51690",13821
"2939","51700",180719
"2940","51710",242803
"2941","51720",3958
"2942","51730",32420
"2943","51735",12150
"2944","51740",95535
"2945","51750",16408
"2946","51760",204214
"2947","51770",97032
"2948","51775",24802
"2949","51790",23746
"2950","51800",84585
"2951","51810",437994
"2952","51820",21006
"2953","51830",14068
"2954","51840",26203
"2955","53001",18728
"2956","53003",21623
"2957","53005",175177
"2958","53007",72453
"2959","53009",71404
"2960","53011",425363
"2961","53013",4078
"2962","53015",102410
"2963","53017",38431
"2964","53019",7551
"2965","53021",78163
"2966","53023",2266
"2967","53025",89120
"2968","53027",72797
"2969","53029",78506
"2970","53031",29872
"2971","53033",1931249
"2972","53035",251133
"2973","53037",40915
"2974","53039",20318
"2975","53041",75455
"2976","53043",10570
"2977","53045",60699
"2978","53047",41120
"2979","53049",20920
"2980","53051",13001
"2981","53053",795225
"2982","53055",15769
"2983","53057",116901
"2984","53059",11066
"2985","53061",713335
"2986","53063",471221
"2987","53065",43531
"2988","53067",252264
"2989","53069",3978
"2990","53071",58781
"2991","53073",201140
"2992","53075",44776
"2993","53077",243231
"2994","54001",16589
"2995","54003",104169
"2996","54005",24629
"2997","54007",14523
"2998","54009",24069
"2999","54011",96319
"3000","54013",7627
"3001","54015",9386
"3002","54017",8202
"3003","54019",46039
"3004","54021",8693
"3005","54023",11937
"3006","54025",35480
"3007","54027",23964
"3008","54029",30676
"3009","54031",14025
"3010","54033",69099
"3011","54035",29211
"3012","54037",53498
"3013","54039",193063
"3014","54041",16372
"3015","54043",21720
"3016","54045",36743
"3017","54047",22113
"3018","54049",56418
"3019","54051",33107
"3020","54053",27324
"3021","54055",62264
"3022","54057",28212
"3023","54059",26839
"3024","54061",96189
"3025","54063",13502
"3026","54065",17541
"3027","54067",26233
"3028","54069",44443
"3029","54071",7695
"3030","54073",7605
"3031","54075",8719
"3032","54077",33520
"3033","54079",55486
"3034","54081",78859
"3035","54083",29405
"3036","54085",10449
"3037","54087",14926
"3038","54089",13927
"3039","54091",16895
"3040","54093",7141
"3041","54095",9208
"3042","54097",24254
"3043","54099",42481
"3044","54101",9154
"3045","54103",16583
"3046","54105",5717
"3047","54107",86956
"3048","54109",23796
"3049","55001",20875
"3050","55003",16157
"3051","55005",45870
"3052","55007",15014
"3053","55009",248007
"3054","55011",13587
"3055","55013",15457
"3056","55015",48971
"3057","55017",62415
"3058","55019",34690
"3059","55021",56833
"3060","55023",16644
"3061","55025",488073
"3062","55027",88759
"3063","55029",27785
"3064","55031",44159
"3065","55033",43857
"3066","55035",98736
"3067","55037",4423
"3068","55039",101633
"3069","55041",9304
"3070","55043",51208
"3071","55045",36842
"3072","55047",19051
"3073","55049",23687
"3074","55051",5916
"3075","55053",20449
"3076","55055",83686
"3077","55057",26664
"3078","55059",166426
"3079","55061",20574
"3080","55063",114638
"3081","55065",16836
"3082","55067",19977
"3083","55069",28743
"3084","55071",81442
"3085","55073",134063
"3086","55075",41749
"3087","55077",15404
"3088","55078",4232
"3089","55079",947735
"3090","55081",44673
"3091","55083",37660
"3092","55085",35998
"3093","55087",176695
"3094","55089",86395
"3095","55091",7469
"3096","55093",41019
"3097","55095",44205
"3098","55097",70019
"3099","55099",14159
"3100","55101",195408
"3101","55103",18021
"3102","55105",160331
"3103","55107",14755
"3104","55109",84345
"3105","55111",61976
"3106","55113",16557
"3107","55115",41949
"3108","55117",115507
"3109","55119",20689
"3110","55121",28816
"3111","55123",29773
"3112","55125",21430
"3113","55127",102228
"3114","55129",15911
"3115","55131",131887
"3116","55133",389891
"3117","55135",52410
"3118","55137",24496
"3119","55139",166994
"3120","55141",74749
"3121","56001",36299
"3122","56003",11668
"3123","56005",46133
"3124","56007",15885
"3125","56009",13833
"3126","56011",7083
"3127","56013",40123
"3128","56015",13249
"3129","56017",4812
"3130","56019",8569
"3131","56021",91738
"3132","56023",18106
"3133","56025",75450
"3134","56027",2484
"3135","56029",28205
"3136","56031",8667
"3137","56033",29116
"3138","56035",10247
"3139","56037",43806
"3140","56039",21294
"3141","56041",21118
"3142","56043",8533
"3143","56045",7208
"3144","72001",19483
"3145","72003",41959
"3146","72005",60949
"3147","72007",28659
"3148","72009",25900
"3149","72011",29261
"3150","72013",96440
"3151","72015",19575
"3152","72017",24816
"3153","72019",30318
"3154","72021",208116
"3155","72023",50917
"3156","72025",142893
"3157","72027",35159
"3158","72029",47648
"3159","72031",176762
"3160","72033",28140
"3161","72035",48119
"3162","72037",13631
"3163","72039",18782
"3164","72041",43480
"3165","72043",40512
"3166","72045",20778
"3167","72047",37142
"3168","72049",1818
"3169","72051",38165
"3170","72053",36993
"3171","72054",12680
"3172","72055",19427
"3173","72057",45362
"3174","72059",21581
"3175","72061",97924
"3176","72063",45369
"3177","72065",41953
"3178","72067",17250
"3179","72069",58466
"3180","72071",45631
"3181","72073",16642
"3182","72075",50747
"3183","72077",40290
"3184","72079",25753
"3185","72081",30753
"3186","72083",9881
"3187","72085",38675
"3188","72087",30060
"3189","72089",20068
"3190","72091",44113
"3191","72093",6276
"3192","72095",12225
"3193","72097",89080
"3194","72099",40109
"3195","72101",32610
"3196","72103",26720
"3197","72105",30402
"3198","72107",23423
"3199","72109",19277
"3200","72111",24282
"3201","72113",166327
"3202","72115",25919
"3203","72117",15200
"3204","72119",54304
"3205","72121",25265
"3206","72123",31078
"3207","72125",35527
"3208","72127",395326
"3209","72129",41058
"3210","72131",42430
"3211","72133",23274
"3212","72135",74066
"3213","72137",89609
"3214","72139",74842
"3215","72141",33149
"3216","72143",39951
"3217","72145",59662
"3218","72147",9301
"3219","72149",26073
"3220","72151",37941
"3221","72153",42043
